Id,Gender,Color,Category,Season,IsAvailable,WarehouseCode,RowCode,ShelveCode,Price,Weight,Height,Size,Quantity,RegisterDate
1,Men,Red,Jacket,Autum,False,101,170,12,563,13,77,28,647,2019-07-01
2,Women,Blue,Trouser,Spring,True,104,198,12,219,77,61,26,825,2019-03-22
3,Kids,Green,Underwear,Winter,True,104,145,11,253,143,86,32,686,2019-12-08
4,Men,White,Skirt,Summer,False,104,104,12,760,146,52,38,268,2020-07-18
5,Women,Black,Dress,Autum,False,101,169,11,979,65,63,36,894,2020-04-25
6,Kids,Grey,Shoes,Spring,True,100,191,18,668,82,69,32,474,2019-11-13
7,Men,Pink,Sweater,Winter,True,105,131,18,627,12,29,30,571,2019-09-16
8,Women,Velvet,Jacket,Summer,False,102,198,15,968,71,99,41,974,2020-11-20
9,Kids,Khaki,Trouser,Autum,True,102,158,17,834,144,84,25,172,2019-03-16
10,Men,Red,Underwear,Spring,True,103,101,14,805,27,78,36,588,2020-04-14
11,Women,Blue,Skirt,Winter,True,100,177,15,343,12,31,24,835,2019-01-21
12,Kids,Green,Dress,Summer,True,100,187,17,179,144,48,28,766,2019-07-01
13,Men,White,Shoes,Autum,False,102,106,18,945,95,50,30,387,2019-08-23
14,Women,Black,Sweater,Spring,True,105,139,20,274,120,49,42,382,2020-12-24
15,Kids,Grey,Jacket,Winter,True,105,168,14,482,28,17,36,894,2020-05-13
16,Men,Pink,Trouser,Summer,False,103,114,18,399,4,45,36,683,2020-04-23
17,Women,Velvet,Underwear,Autum,False,101,169,11,168,89,58,29,107,2019-07-26
18,Kids,Khaki,Skirt,Spring,False,102,101,16,296,138,33,35,582,2020-03-25
19,Men,Red,Dress,Winter,True,101,124,13,84,17,37,37,223,2020-05-29
20,Women,Blue,Shoes,Summer,False,100,145,19,123,77,30,37,908,2020-05-28
21,Kids,Green,Sweater,Autum,True,102,161,18,810,142,89,42,168,2020-11-25
22,Men,White,Jacket,Spring,False,104,100,12,529,117,54,25,116,2019-03-10
23,Women,Black,Trouser,Winter,True,102,154,17,527,105,89,27,879,2019-04-28
24,Kids,Grey,Underwear,Summer,False,100,137,17,273,94,16,31,975,2019-10-07
25,Men,Pink,Skirt,Autum,False,103,176,19,171,41,96,39,429,2020-08-06
26,Women,Velvet,Dress,Spring,False,102,103,17,175,123,39,27,514,2019-05-04
27,Kids,Khaki,Shoes,Winter,True,100,199,19,831,104,74,39,595,2020-08-03
28,Men,Red,Sweater,Summer,True,100,170,13,982,91,95,29,299,2019-08-13
29,Women,Blue,Jacket,Autum,False,100,135,16,691,145,91,39,318,2020-08-24
30,Kids,Green,Trouser,Spring,True,101,200,18,162,146,64,40,795,2020-10-10
31,Men,White,Underwear,Winter,True,103,194,13,725,15,71,34,517,2020-02-11
32,Women,Black,Skirt,Summer,True,104,199,12,405,101,56,37,939,2020-06-07
33,Kids,Grey,Dress,Autum,False,102,174,11,330,110,59,37,220,2020-05-26
34,Men,Pink,Shoes,Spring,True,102,152,15,365,59,61,24,473,2019-01-10
35,Women,Velvet,Sweater,Winter,True,103,198,13,881,35,71,42,621,2020-12-26
36,Kids,Khaki,Jacket,Summer,False,103,167,17,414,69,79,39,550,2020-08-12
37,Men,Red,Trouser,Autum,False,103,142,12,456,43,17,40,201,2020-09-19
38,Women,Blue,Underwear,Spring,True,100,169,14,604,43,15,25,970,2019-02-15
39,Kids,Green,Skirt,Winter,False,104,194,11,912,13,35,33,329,2020-01-12
40,Men,White,Dress,Summer,False,101,189,14,475,7,11,33,649,2020-01-19
41,Women,Black,Shoes,Autum,True,105,163,14,21,119,24,29,600,2019-07-19
42,Kids,Grey,Sweater,Spring,False,101,155,19,884,25,19,42,495,2020-12-27
43,Men,Pink,Jacket,Winter,False,103,113,17,702,41,35,37,861,2020-05-20
44,Women,Velvet,Trouser,Summer,True,103,165,18,971,13,89,31,277,2019-10-10
45,Kids,Khaki,Underwear,Autum,False,102,198,15,816,52,13,32,883,2019-11-14
46,Men,Red,Skirt,Spring,False,102,129,11,5,133,14,36,789,2020-05-08
47,Women,Blue,Dress,Winter,False,100,148,19,441,118,24,36,208,2020-05-10
48,Kids,Green,Shoes,Summer,False,104,179,18,693,107,84,32,751,2019-12-12
49,Men,White,Sweater,Autum,True,100,120,13,613,107,45,28,827,2019-06-28
50,Women,Black,Jacket,Spring,False,105,200,11,204,51,33,30,521,2019-09-16
51,Kids,Grey,Trouser,Winter,False,104,185,20,153,41,17,33,446,2020-01-20
52,Men,Pink,Underwear,Summer,True,104,118,16,480,140,17,27,442,2019-05-04
53,Women,Velvet,Skirt,Autum,True,100,189,16,522,38,40,30,978,2019-09-11
54,Kids,Khaki,Dress,Spring,True,103,177,20,544,113,25,37,957,2020-05-20
55,Men,Red,Shoes,Winter,False,101,140,16,199,60,82,31,639,2019-10-16
56,Women,Blue,Sweater,Summer,True,102,170,20,35,47,32,26,630,2019-04-24
57,Kids,Green,Jacket,Autum,True,101,144,16,692,123,72,42,947,2020-11-25
58,Men,White,Trouser,Spring,True,104,107,14,981,50,80,25,712,2019-03-04
59,Women,Black,Underwear,Winter,True,101,128,14,590,106,56,42,839,2020-12-12
60,Kids,Grey,Skirt,Summer,True,105,166,15,805,92,34,33,479,2019-12-23
61,Men,Pink,Dress,Autum,False,105,193,20,837,128,96,36,879,2020-04-12
62,Women,Velvet,Shoes,Spring,False,104,162,14,646,72,34,24,372,2019-02-04
63,Kids,Khaki,Sweater,Winter,True,102,163,19,278,76,17,26,756,2019-03-30
64,Men,Red,Jacket,Summer,False,101,158,19,672,149,29,28,377,2019-06-07
65,Women,Blue,Trouser,Autum,True,100,107,10,81,12,16,25,171,2019-03-04
66,Kids,Green,Underwear,Spring,False,101,178,12,939,62,75,29,897,2019-08-17
67,Men,White,Skirt,Winter,True,104,112,15,850,35,89,34,646,2020-02-06
68,Women,Black,Dress,Summer,True,105,155,12,580,37,89,29,915,2019-08-13
69,Kids,Grey,Shoes,Autum,True,101,142,16,393,85,79,42,762,2020-12-30
70,Men,Pink,Sweater,Spring,False,102,100,17,69,109,39,40,444,2020-10-02
71,Women,Velvet,Jacket,Winter,True,105,172,15,943,111,38,39,581,2020-08-04
72,Kids,Khaki,Trouser,Summer,False,101,200,18,565,46,53,28,137,2019-06-10
73,Men,Red,Underwear,Autum,True,103,107,15,384,125,98,25,353,2019-03-15
74,Women,Blue,Skirt,Spring,True,105,136,19,609,11,35,27,575,2019-05-11
75,Kids,Green,Dress,Winter,False,101,182,14,103,109,15,32,407,2019-11-10
76,Men,White,Shoes,Summer,True,101,105,20,927,118,79,42,673,2020-11-29
77,Women,Black,Sweater,Autum,False,101,187,15,827,76,29,31,256,2019-10-22
78,Kids,Grey,Jacket,Spring,False,105,190,20,557,92,10,38,701,2020-07-20
79,Men,Pink,Trouser,Winter,False,103,139,12,458,42,13,42,191,2020-11-23
80,Women,Velvet,Underwear,Summer,True,101,147,17,166,58,92,26,640,2019-03-31
81,Kids,Khaki,Skirt,Autum,False,101,155,19,734,6,24,33,405,2019-12-26
82,Men,Red,Dress,Spring,False,102,120,10,139,148,91,30,844,2019-08-23
83,Women,Blue,Shoes,Winter,True,105,150,10,370,134,59,25,472,2019-02-15
84,Kids,Green,Sweater,Summer,True,101,135,15,487,95,68,32,797,2019-12-10
85,Men,White,Jacket,Autum,False,102,114,19,9,105,57,30,448,2019-09-21
86,Women,Black,Trouser,Spring,False,105,176,17,246,25,63,31,174,2019-10-10
87,Kids,Grey,Underwear,Winter,True,103,110,17,884,63,26,31,961,2019-09-28
88,Men,Pink,Skirt,Summer,False,104,198,11,786,148,43,24,263,2019-01-06
89,Women,Velvet,Dress,Autum,True,101,111,20,167,149,79,35,835,2020-03-28
90,Kids,Khaki,Shoes,Spring,True,101,128,13,846,138,48,39,992,2020-09-03
91,Men,Red,Sweater,Winter,True,101,123,11,722,97,16,40,603,2020-09-18
92,Women,Blue,Jacket,Summer,True,105,135,19,476,144,37,38,490,2020-07-19
93,Kids,Green,Trouser,Autum,True,105,141,20,14,87,59,25,231,2019-03-06
94,Men,White,Underwear,Spring,False,105,128,17,108,71,11,24,851,2019-01-20
95,Women,Black,Skirt,Winter,False,102,196,15,638,29,16,40,771,2020-10-09
96,Kids,Grey,Dress,Summer,True,100,101,20,376,48,90,28,328,2019-06-15
97,Men,Pink,Shoes,Autum,False,105,192,20,606,99,12,40,740,2020-09-30
98,Women,Velvet,Sweater,Spring,True,101,155,18,30,43,15,33,583,2019-12-15
99,Kids,Khaki,Jacket,Winter,True,102,157,17,891,1,82,29,206,2019-08-08
100,Men,Red,Trouser,Summer,True,100,120,12,878,140,38,26,987,2019-03-31
101,Women,Blue,Underwear,Autum,True,103,116,17,156,99,25,26,243,2019-04-03
102,Kids,Green,Skirt,Spring,False,101,193,16,861,81,35,31,294,2019-09-29
103,Men,White,Dress,Winter,False,103,137,12,300,22,15,33,990,2019-12-14
104,Women,Black,Shoes,Summer,True,104,119,16,544,148,16,31,483,2019-09-27
105,Kids,Grey,Sweater,Autum,False,105,128,16,262,90,96,34,940,2020-02-12
106,Men,Pink,Jacket,Spring,True,102,186,12,589,145,65,29,409,2019-08-12
107,Women,Velvet,Trouser,Winter,True,100,110,11,96,15,20,25,189,2019-02-20
108,Kids,Khaki,Underwear,Summer,False,101,152,18,913,27,14,27,503,2019-05-03
109,Men,Red,Skirt,Autum,False,102,195,15,442,4,20,28,649,2019-07-12
110,Women,Blue,Dress,Spring,False,105,134,17,272,93,13,32,966,2019-11-18
111,Kids,Green,Shoes,Winter,False,101,183,14,208,122,13,38,474,2020-07-04
112,Men,White,Sweater,Summer,True,102,155,16,136,31,72,27,345,2019-05-09
113,Women,Black,Jacket,Autum,False,100,169,12,523,8,77,26,620,2019-04-11
114,Kids,Grey,Trouser,Spring,True,105,182,17,425,49,65,40,298,2020-09-14
115,Men,Pink,Underwear,Winter,True,103,110,16,71,87,20,42,173,2020-12-29
116,Women,Velvet,Skirt,Summer,True,103,172,19,699,131,15,30,134,2019-08-21
117,Kids,Khaki,Dress,Autum,False,104,111,14,276,88,76,42,900,2020-12-20
118,Men,Red,Shoes,Spring,True,101,128,13,792,131,50,36,959,2020-04-21
119,Women,Blue,Sweater,Winter,True,104,144,10,664,44,73,40,930,2020-09-16
120,Kids,Green,Jacket,Summer,True,101,132,14,835,138,53,37,998,2020-05-26
121,Men,White,Trouser,Autum,False,104,168,16,56,149,59,41,936,2020-11-19
122,Women,Black,Underwear,Spring,False,105,114,13,64,37,55,34,482,2020-01-31
123,Kids,Grey,Skirt,Winter,False,103,144,13,414,38,20,37,179,2020-05-17
124,Men,Pink,Dress,Summer,False,100,114,12,548,97,40,27,771,2019-04-28
125,Women,Velvet,Shoes,Autum,True,100,178,15,348,13,32,24,841,2019-01-15
126,Kids,Khaki,Sweater,Spring,False,100,137,17,467,118,10,24,191,2019-01-17
127,Men,Red,Jacket,Winter,True,102,159,18,551,109,94,26,907,2019-04-07
128,Women,Blue,Trouser,Summer,False,104,179,19,276,55,97,25,503,2019-02-24
129,Kids,Green,Underwear,Autum,False,102,140,13,972,132,29,29,804,2019-08-02
130,Men,White,Skirt,Spring,True,100,181,15,727,62,25,27,178,2019-05-29
131,Women,Black,Dress,Winter,False,102,113,20,321,19,77,25,934,2019-03-02
132,Kids,Grey,Shoes,Summer,True,105,131,18,798,33,23,41,673,2020-11-07
133,Men,Pink,Sweater,Autum,True,102,132,12,666,92,28,33,595,2019-12-13
134,Women,Velvet,Jacket,Spring,False,102,119,20,580,53,76,39,204,2020-08-26
135,Kids,Khaki,Trouser,Winter,False,103,130,10,11,109,76,42,497,2020-12-28
136,Men,Red,Underwear,Summer,True,105,162,12,873,75,89,26,210,2019-03-30
137,Women,Blue,Skirt,Autum,False,105,184,19,840,126,85,40,855,2020-09-10
138,Kids,Green,Dress,Spring,True,101,131,14,826,137,53,37,989,2020-05-22
139,Men,White,Shoes,Winter,True,101,107,19,225,5,72,41,857,2020-10-28
140,Women,Black,Sweater,Summer,False,105,129,16,421,110,93,25,139,2019-02-09
141,Kids,Grey,Jacket,Autum,False,104,165,16,150,10,53,30,985,2019-08-21
142,Men,Pink,Trouser,Spring,True,101,159,19,971,36,21,27,558,2019-05-29
143,Women,Velvet,Underwear,Winter,False,102,102,17,344,144,33,38,615,2020-06-28
144,Kids,Khaki,Skirt,Summer,False,101,178,12,895,57,76,27,869,2019-05-12
145,Men,Red,Dress,Autum,False,105,145,20,639,16,44,25,617,2019-03-03
146,Women,Blue,Shoes,Spring,False,105,169,15,586,66,45,36,358,2020-05-12
147,Kids,Green,Sweater,Winter,False,104,166,16,953,136,61,36,870,2020-04-10
148,Men,White,Jacket,Summer,True,105,160,12,590,39,94,28,933,2019-06-23
149,Women,Black,Trouser,Autum,True,101,118,10,37,135,91,24,777,2019-01-23
150,Kids,Grey,Underwear,Spring,True,105,124,16,940,49,10,34,736,2020-02-20
151,Men,Pink,Skirt,Winter,False,101,190,15,100,110,24,28,429,2019-06-26
152,Women,Velvet,Dress,Summer,False,104,164,16,815,118,62,28,781,2019-06-12
153,Kids,Khaki,Shoes,Autum,False,102,111,18,367,149,43,35,654,2020-03-30
154,Men,Red,Sweater,Spring,True,101,125,13,57,14,38,35,209,2020-03-15
155,Women,Blue,Jacket,Winter,True,102,153,17,823,141,79,27,150,2019-05-13
156,Kids,Green,Trouser,Summer,True,104,102,13,92,63,70,35,762,2020-03-04
157,Men,White,Underwear,Autum,False,103,149,13,448,44,25,36,215,2020-05-14
158,Women,Black,Skirt,Spring,False,102,122,20,753,75,75,29,319,2019-08-18
159,Kids,Grey,Dress,Winter,True,104,142,11,197,135,84,30,643,2019-09-13
160,Men,Pink,Shoes,Summer,False,105,191,20,795,122,95,34,849,2020-01-27
161,Women,Velvet,Sweater,Autum,False,100,126,15,38,37,71,27,502,2019-05-08
162,Kids,Khaki,Jacket,Spring,True,102,132,12,821,111,23,42,687,2020-12-27
163,Men,Red,Trouser,Winter,True,104,111,15,942,46,86,40,699,2020-10-01
164,Women,Blue,Underwear,Summer,True,101,114,10,716,93,96,25,571,2019-02-13
165,Kids,Green,Skirt,Autum,True,103,120,18,951,75,36,30,132,2019-09-18
166,Men,White,Dress,Spring,True,101,152,17,410,90,90,39,801,2020-08-27
167,Women,Black,Shoes,Winter,False,100,123,13,471,90,53,37,751,2020-05-27
168,Kids,Grey,Sweater,Summer,False,104,150,12,943,106,11,29,515,2019-08-17
169,Men,Pink,Jacket,Autum,True,101,151,17,414,90,89,40,802,2020-09-17
170,Women,Velvet,Trouser,Spring,False,103,148,13,198,12,31,40,963,2020-10-01
171,Kids,Khaki,Underwear,Winter,False,104,189,10,860,5,30,32,280,2019-12-12
172,Men,Red,Skirt,Summer,True,103,181,10,450,102,33,29,911,2019-08-01
173,Women,Blue,Dress,Autum,False,105,120,15,567,126,78,38,201,2020-06-24
174,Kids,Green,Shoes,Spring,False,104,114,15,243,85,81,39,890,2020-08-08
175,Men,White,Sweater,Winter,True,103,167,19,685,128,10,31,112,2019-10-06
176,Women,Black,Jacket,Summer,False,102,109,18,85,113,48,38,477,2020-06-24
177,Kids,Grey,Trouser,Autum,False,103,111,17,721,43,32,39,868,2020-08-05
178,Men,Pink,Underwear,Spring,False,101,167,10,520,132,44,33,311,2020-01-07
179,Women,Velvet,Skirt,Winter,True,100,170,13,909,81,96,25,253,2019-02-26
180,Kids,Khaki,Dress,Summer,True,101,108,20,762,98,88,30,583,2019-09-05
181,Men,Red,Shoes,Autum,False,102,171,10,515,133,50,31,322,2019-10-10
182,Women,Blue,Sweater,Spring,False,102,199,15,961,70,100,40,974,2020-10-15
183,Kids,Green,Jacket,Winter,True,102,161,19,239,71,15,24,726,2019-02-02
184,Men,White,Trouser,Summer,True,103,116,17,33,84,28,37,168,2020-06-13
185,Women,Black,Underwear,Autum,False,105,192,20,627,102,10,42,750,2020-12-03
186,Kids,Grey,Skirt,Spring,False,103,150,13,507,51,24,40,252,2020-09-21
187,Men,Pink,Dress,Winter,False,102,120,20,432,34,81,29,118,2019-08-11
188,Women,Velvet,Shoes,Summer,True,100,106,20,610,78,90,40,486,2020-09-29
189,Kids,Khaki,Sweater,Autum,True,100,167,13,758,62,97,36,153,2020-04-16
190,Men,Red,Jacket,Spring,True,105,128,17,919,47,16,31,735,2019-10-27
191,Women,Blue,Trouser,Winter,False,102,113,20,426,32,74,32,996,2019-11-17
192,Kids,Green,Underwear,Summer,True,102,161,19,87,52,20,34,635,2020-01-25
193,Men,White,Skirt,Autum,True,103,190,12,630,2,69,30,446,2019-09-09
194,Women,Black,Dress,Spring,False,102,116,20,431,33,77,31,108,2019-10-03
195,Kids,Grey,Shoes,Winter,False,105,102,11,383,74,31,40,637,2020-10-04
196,Men,Pink,Sweater,Summer,True,101,133,13,330,50,40,30,397,2019-08-26
197,Women,Velvet,Jacket,Autum,False,103,147,14,30,141,36,30,860,2019-08-28
198,Kids,Khaki,Trouser,Spring,True,101,189,16,629,51,38,37,143,2020-05-15
199,Men,Red,Underwear,Winter,False,103,157,15,944,133,50,39,836,2020-08-24
200,Women,Blue,Skirt,Summer,True,103,193,12,229,77,55,28,816,2019-07-07
201,Kids,Green,Dress,Autum,True,104,146,12,116,126,92,42,607,2020-12-16
202,Men,White,Shoes,Spring,False,105,116,13,10,31,59,30,454,2019-08-25
203,Women,Black,Sweater,Winter,True,103,108,16,176,100,15,31,231,2019-10-07
204,Kids,Grey,Jacket,Summer,False,104,171,17,840,123,69,26,815,2019-04-24
205,Men,Pink,Trouser,Autum,False,100,136,16,80,44,81,25,555,2019-03-12
206,Women,Velvet,Underwear,Spring,True,104,109,15,651,9,92,42,518,2020-11-26
207,Kids,Khaki,Skirt,Winter,True,104,143,11,249,142,85,33,679,2019-12-19
208,Men,Red,Dress,Summer,True,103,197,13,124,65,62,39,765,2020-08-23
209,Women,Blue,Shoes,Autum,False,104,158,14,372,36,38,28,196,2019-06-11
210,Kids,Green,Sweater,Spring,False,105,144,19,738,29,40,32,673,2019-11-19
211,Men,White,Jacket,Winter,True,100,191,17,372,20,48,38,895,2020-07-30
212,Women,Black,Trouser,Summer,False,102,183,13,929,62,81,27,904,2019-05-08
213,Kids,Grey,Underwear,Autum,True,102,153,17,844,144,79,28,165,2019-06-22
214,Men,Pink,Skirt,Spring,False,103,133,11,435,38,97,24,160,2019-01-08
215,Women,Velvet,Dress,Winter,False,103,119,19,281,140,55,26,626,2019-04-19
216,Kids,Khaki,Shoes,Summer,False,103,127,20,77,117,71,29,529,2019-07-25
217,Men,Red,Sweater,Autum,True,100,171,14,582,41,17,42,962,2020-11-25
218,Women,Blue,Jacket,Spring,True,100,195,18,910,113,67,26,630,2019-04-20
219,Kids,Green,Trouser,Winter,False,102,122,10,89,142,95,25,821,2019-03-14
220,Men,White,Underwear,Summer,True,105,171,14,445,24,21,33,880,2019-12-28
221,Women,Black,Skirt,Autum,False,105,132,17,979,56,18,33,783,2020-01-18
222,Kids,Grey,Dress,Spring,False,105,116,14,862,12,64,39,365,2020-08-29
223,Men,Pink,Shoes,Winter,False,104,184,20,185,44,14,36,461,2020-05-03
224,Women,Velvet,Sweater,Summer,False,102,123,10,496,43,83,32,166,2019-11-22
225,Kids,Khaki,Jacket,Autum,True,101,134,14,773,131,58,32,967,2019-11-16
226,Men,Red,Trouser,Spring,True,102,127,12,773,104,19,41,645,2020-11-18
227,Women,Blue,Underwear,Winter,True,100,191,18,820,101,65,41,565,2020-11-22
228,Kids,Green,Skirt,Summer,True,103,103,15,136,93,10,30,193,2019-09-22
229,Men,White,Dress,Autum,False,105,112,13,861,11,59,41,352,2020-11-04
230,Women,Black,Shoes,Spring,True,101,134,15,356,78,70,25,715,2019-02-11
231,Kids,Grey,Sweater,Winter,True,105,162,14,56,123,22,31,618,2019-10-28
232,Men,Pink,Jacket,Summer,False,102,122,10,93,143,95,26,824,2019-03-23
233,Women,Velvet,Trouser,Autum,True,104,110,15,576,150,95,37,475,2020-05-16
234,Kids,Khaki,Underwear,Spring,True,102,177,11,681,5,51,39,437,2020-08-23
235,Men,Red,Skirt,Winter,True,102,163,18,646,122,96,30,976,2019-09-20
236,Women,Blue,Dress,Summer,True,102,155,17,505,102,91,25,868,2019-02-15
237,Kids,Green,Shoes,Autum,False,105,191,20,786,121,95,33,842,2020-01-09
238,Men,White,Sweater,Spring,True,103,191,11,400,98,46,40,912,2020-10-11
239,Women,Black,Jacket,Winter,True,102,181,11,953,40,48,35,613,2020-04-04
240,Kids,Grey,Trouser,Summer,False,101,182,15,977,93,19,24,332,2019-01-07
241,Men,Pink,Underwear,Autum,False,105,106,12,258,59,40,31,574,2019-10-04
242,Women,Velvet,Skirt,Spring,True,104,123,17,308,120,28,33,354,2019-12-20
243,Kids,Khaki,Dress,Winter,True,102,149,15,239,42,62,36,389,2020-04-21
244,Men,Red,Shoes,Summer,False,100,123,14,21,34,67,27,480,2019-05-29
245,Women,Blue,Sweater,Autum,True,104,137,10,548,28,69,35,841,2020-03-29
246,Kids,Green,Jacket,Spring,False,100,131,16,498,121,93,29,192,2019-07-13
247,Men,White,Trouser,Winter,False,105,107,12,244,58,42,29,570,2019-08-05
248,Women,Black,Underwear,Summer,True,100,156,11,195,114,72,30,386,2019-09-01
249,Kids,Grey,Skirt,Autum,False,105,198,11,151,44,32,28,482,2019-06-17
250,Men,Pink,Dress,Spring,False,102,175,11,306,107,61,35,208,2020-03-13
251,Women,Velvet,Shoes,Winter,False,101,162,20,749,10,32,31,436,2019-10-02
252,Kids,Khaki,Sweater,Summer,True,102,152,16,121,29,69,27,329,2019-05-10
253,Men,Red,Jacket,Autum,False,104,166,15,541,60,43,35,323,2020-03-04
254,Women,Blue,Trouser,Spring,True,103,186,10,499,109,38,30,957,2019-08-29
255,Kids,Green,Underwear,Winter,False,104,161,15,250,22,46,37,133,2020-06-20
256,Men,White,Skirt,Summer,True,104,130,18,255,115,38,26,342,2019-04-20
257,Women,Black,Dress,Autum,True,101,132,14,825,137,54,36,993,2020-04-24
258,Kids,Grey,Shoes,Spring,True,100,186,16,681,57,32,41,165,2020-11-16
259,Men,Pink,Sweater,Winter,False,102,136,12,67,143,21,37,848,2020-06-09
260,Women,Velvet,Jacket,Summer,True,104,108,14,308,91,71,26,910,2019-04-25
261,Kids,Khaki,Trouser,Autum,True,103,118,18,831,59,37,24,954,2019-01-05
262,Men,Red,Underwear,Spring,False,101,139,16,113,49,84,26,586,2019-03-30
263,Women,Blue,Skirt,Winter,False,104,185,20,263,55,13,41,512,2020-10-20
264,Kids,Green,Dress,Summer,False,103,124,20,17,108,68,27,481,2019-04-30
265,Men,White,Shoes,Autum,True,100,182,15,683,56,28,24,155,2019-01-22
266,Women,Black,Sweater,Spring,False,104,168,16,279,27,53,36,171,2020-05-10
267,Kids,Grey,Jacket,Winter,False,103,172,18,353,63,87,33,528,2019-12-24
268,Men,Pink,Trouser,Summer,True,100,177,15,163,140,37,31,729,2019-10-31
269,Women,Velvet,Underwear,Autum,True,100,171,13,789,67,10,36,184,2020-04-21
270,Kids,Khaki,Skirt,Spring,False,100,164,11,776,39,64,25,759,2019-03-05
271,Men,Red,Dress,Winter,True,104,137,10,292,146,76,38,687,2020-07-16
272,Women,Blue,Shoes,Summer,False,102,181,12,182,93,71,25,150,2019-02-14
273,Kids,Green,Sweater,Autum,True,103,114,17,957,74,28,33,117,2020-01-17
274,Men,White,Jacket,Spring,False,101,141,16,112,50,86,25,589,2019-03-07
275,Women,Black,Trouser,Winter,True,100,165,12,187,115,82,26,406,2019-03-26
276,Kids,Grey,Underwear,Summer,True,101,108,20,671,86,90,24,528,2019-01-30
277,Men,Pink,Skirt,Autum,True,102,167,19,623,120,11,27,976,2019-05-10
278,Women,Velvet,Dress,Spring,False,104,161,15,165,11,48,32,981,2019-12-06
279,Kids,Khaki,Shoes,Winter,False,104,186,10,948,15,24,39,325,2020-08-25
280,Men,Red,Sweater,Summer,True,101,103,19,275,11,66,27,875,2019-05-06
281,Women,Blue,Jacket,Autum,False,102,119,20,529,46,78,36,175,2020-04-15
282,Kids,Green,Trouser,Spring,False,100,134,16,626,137,93,35,278,2020-03-23
283,Men,White,Underwear,Winter,True,104,106,14,986,50,79,26,711,2019-04-08
284,Women,Black,Skirt,Summer,False,103,137,11,556,54,98,30,244,2019-08-24
285,Kids,Grey,Dress,Autum,True,105,172,16,607,69,48,36,379,2020-05-13
286,Men,Pink,Shoes,Spring,False,102,109,18,935,95,53,28,389,2019-06-21
287,Women,Velvet,Sweater,Winter,False,103,156,16,553,84,61,33,601,2020-01-19
288,Kids,Khaki,Jacket,Summer,False,100,124,14,77,41,67,30,519,2019-09-19
289,Men,Red,Trouser,Autum,True,104,115,16,431,133,15,25,403,2019-03-05
290,Women,Blue,Underwear,Spring,True,104,132,20,392,8,68,27,733,2019-06-02
291,Kids,Green,Skirt,Winter,True,100,122,13,680,116,47,31,876,2019-10-24
292,Men,White,Dress,Summer,True,104,104,14,105,65,73,34,777,2020-02-24
293,Women,Black,Shoes,Autum,False,101,155,20,333,106,35,27,163,2019-05-04
294,Kids,Grey,Sweater,Spring,False,104,172,18,646,99,77,32,703,2019-12-12
295,Men,Pink,Jacket,Winter,True,103,164,17,147,35,82,24,379,2019-01-03
296,Women,Velvet,Trouser,Summer,False,104,167,16,146,10,56,28,989,2019-07-08
297,Kids,Khaki,Underwear,Autum,False,105,138,18,45,66,25,35,843,2020-03-01
298,Men,Red,Skirt,Spring,False,105,125,16,222,85,94,33,909,2019-12-24
299,Women,Blue,Dress,Winter,True,105,141,20,338,128,49,27,425,2019-05-07
300,Kids,Green,Shoes,Summer,True,105,170,14,269,1,25,41,770,2020-11-20
301,Men,White,Sweater,Autum,True,102,159,19,146,58,16,38,664,2020-07-20
302,Women,Black,Jacket,Spring,False,105,131,17,81,68,14,40,842,2020-10-06
303,Kids,Grey,Trouser,Winter,True,105,186,18,406,48,71,36,301,2020-05-13
304,Men,Pink,Underwear,Summer,True,104,133,20,375,6,69,26,724,2019-04-14
305,Women,Velvet,Skirt,Autum,False,103,138,11,14,112,85,39,522,2020-08-28
306,Kids,Khaki,Dress,Spring,True,105,182,17,568,67,61,29,386,2019-08-18
307,Men,Red,Shoes,Winter,True,105,138,20,164,105,51,36,312,2020-04-24
308,Women,Blue,Sweater,Summer,False,103,125,19,429,10,58,33,734,2019-12-30
309,Kids,Green,Jacket,Autum,False,103,121,19,312,145,56,28,651,2019-06-05
310,Men,White,Trouser,Spring,False,103,153,15,579,86,56,37,606,2020-05-22
311,Women,Black,Underwear,Winter,False,101,163,20,632,145,36,42,367,2020-12-12
312,Kids,Grey,Skirt,Summer,True,103,172,19,661,126,16,27,111,2019-05-21
313,Men,Pink,Dress,Autum,False,102,200,15,734,42,17,26,840,2019-03-25
314,Women,Velvet,Shoes,Spring,True,101,132,14,793,133,55,34,974,2020-02-04
315,Kids,Khaki,Sweater,Winter,False,102,190,14,779,45,94,33,835,2020-01-10
316,Men,Red,Jacket,Summer,True,103,184,11,206,72,44,31,775,2019-10-16
317,Women,Blue,Trouser,Autum,False,102,133,12,127,150,15,42,875,2020-12-22
318,Kids,Green,Underwear,Spring,False,101,148,18,708,1,16,34,368,2020-02-27
319,Men,White,Skirt,Winter,False,104,152,14,410,40,30,33,202,2019-12-19
320,Women,Black,Dress,Summer,False,104,173,17,748,112,75,39,767,2020-08-04
321,Kids,Grey,Shoes,Autum,True,101,111,10,727,94,92,26,571,2019-04-23
322,Men,Pink,Sweater,Spring,False,103,148,13,276,22,29,26,109,2019-04-07
323,Women,Velvet,Jacket,Winter,False,101,162,20,732,7,32,30,425,2019-08-28
324,Kids,Khaki,Trouser,Summer,True,102,138,14,398,60,43,32,452,2019-11-20
325,Men,Red,Underwear,Autum,False,100,142,18,97,73,27,36,883,2020-05-12
326,Women,Blue,Skirt,Spring,False,105,132,17,188,82,13,27,911,2019-05-24
327,Kids,Green,Dress,Winter,True,101,126,13,849,138,45,40,987,2020-10-13
328,Men,White,Shoes,Summer,True,105,142,20,312,125,51,24,414,2019-02-06
329,Women,Black,Sweater,Autum,False,103,177,19,966,15,13,25,310,2019-03-04
330,Kids,Grey,Jacket,Spring,False,101,198,16,42,105,36,40,418,2020-09-19
331,Men,Pink,Trouser,Winter,False,101,170,12,627,21,75,32,685,2019-12-01
332,Women,Velvet,Underwear,Summer,False,103,142,12,402,36,18,37,166,2020-05-18
333,Kids,Khaki,Skirt,Autum,True,104,120,16,827,34,100,29,656,2019-08-02
334,Men,Red,Dress,Spring,True,104,116,16,679,14,100,40,556,2020-10-06
335,Women,Blue,Shoes,Winter,True,105,144,20,129,103,59,31,310,2019-10-17
336,Kids,Green,Sweater,Summer,True,102,189,13,449,129,73,38,334,2020-07-11
337,Men,White,Jacket,Autum,False,100,149,19,220,90,31,41,978,2020-11-10
338,Women,Black,Trouser,Spring,True,100,174,14,612,45,19,42,987,2020-12-25
339,Kids,Grey,Underwear,Winter,False,105,200,10,542,93,22,33,722,2019-12-27
340,Men,Pink,Skirt,Summer,False,105,190,19,40,3,87,30,994,2019-09-26
341,Women,Velvet,Dress,Autum,True,103,171,19,772,140,12,34,176,2020-02-27
342,Kids,Khaki,Shoes,Spring,False,105,131,17,124,74,13,24,867,2019-01-20
343,Men,Red,Sweater,Winter,False,102,103,16,766,47,20,26,869,2019-04-16
344,Women,Blue,Jacket,Summer,False,100,162,10,853,48,59,31,798,2019-10-15
345,Kids,Green,Trouser,Autum,True,102,170,10,760,13,41,28,465,2019-06-22
346,Men,White,Underwear,Spring,False,103,151,14,19,141,40,28,864,2019-06-06
347,Women,Black,Skirt,Winter,True,101,104,19,372,23,65,32,937,2019-12-03
348,Kids,Grey,Dress,Summer,False,105,122,15,541,123,80,35,189,2020-03-31
349,Men,Pink,Shoes,Autum,False,102,183,13,868,55,84,42,869,2020-12-02
350,Women,Velvet,Sweater,Spring,True,105,180,16,942,113,47,35,604,2020-03-20
351,Kids,Khaki,Jacket,Winter,True,101,134,14,20,11,50,29,213,2019-07-17
352,Men,Red,Trouser,Summer,False,104,191,10,337,65,18,24,575,2019-01-04
353,Women,Blue,Underwear,Autum,False,101,173,12,813,45,73,24,807,2019-01-05
354,Kids,Green,Skirt,Spring,False,100,168,12,591,16,74,31,659,2019-10-03
355,Men,White,Dress,Winter,False,104,158,14,543,58,33,38,299,2020-07-30
356,Women,Black,Shoes,Summer,True,104,111,15,870,37,87,36,655,2020-04-15
357,Kids,Grey,Sweater,Autum,False,103,169,18,350,61,83,34,516,2020-02-09
358,Men,Pink,Jacket,Spring,False,103,148,14,9,139,37,28,849,2019-06-25
359,Women,Velvet,Trouser,Winter,True,103,192,12,278,83,51,32,841,2019-12-03
360,Kids,Khaki,Underwear,Summer,True,104,105,14,827,30,82,36,611,2020-04-07
361,Men,Red,Skirt,Autum,False,104,156,14,719,79,25,32,399,2019-11-05
362,Women,Blue,Dress,Spring,False,105,196,20,852,131,100,35,898,2020-03-19
363,Kids,Green,Shoes,Winter,True,105,149,20,464,146,54,31,524,2019-10-28
364,Men,White,Sweater,Summer,True,101,123,12,271,40,30,30,332,2019-09-16
365,Women,Black,Jacket,Autum,False,102,183,13,953,65,81,28,921,2019-06-22
366,Kids,Grey,Trouser,Spring,True,104,120,17,231,110,28,29,300,2019-07-28
367,Men,Pink,Underwear,Winter,False,104,152,13,834,93,17,41,456,2020-10-20
368,Women,Velvet,Skirt,Summer,False,104,184,20,55,28,18,28,383,2019-06-20
369,Kids,Khaki,Dress,Autum,False,102,189,14,664,31,97,26,764,2019-04-20
370,Men,Red,Shoes,Spring,False,105,100,11,331,67,31,38,600,2020-07-02
371,Women,Blue,Sweater,Winter,False,102,135,12,987,133,22,32,798,2019-12-06
372,Kids,Green,Jacket,Summer,True,102,160,18,516,105,96,42,888,2020-12-29
373,Men,White,Trouser,Autum,True,101,149,17,167,58,94,25,646,2019-03-03
374,Women,Black,Underwear,Spring,False,104,162,15,371,37,43,26,208,2019-03-26
375,Kids,Grey,Skirt,Winter,True,101,101,19,976,123,73,28,690,2019-06-08
376,Men,Pink,Dress,Summer,False,101,181,13,604,21,89,26,704,2019-04-03
377,Women,Velvet,Shoes,Autum,False,100,145,18,511,126,18,42,241,2020-12-22
378,Kids,Khaki,Sweater,Spring,True,100,200,19,880,110,74,41,627,2020-11-13
379,Men,Red,Jacket,Winter,True,100,168,13,639,47,12,27,987,2019-06-01
380,Women,Blue,Trouser,Summer,False,102,191,14,78,83,87,32,119,2019-12-08
381,Kids,Green,Underwear,Autum,True,104,128,19,817,60,49,37,974,2020-06-22
382,Men,White,Skirt,Spring,True,101,103,19,309,15,66,29,897,2019-07-16
383,Women,Black,Dress,Winter,False,103,160,16,445,71,68,25,545,2019-03-07
384,Kids,Grey,Shoes,Summer,True,103,198,13,24,53,66,33,706,2019-12-15
385,Men,Pink,Sweater,Autum,True,100,164,12,23,94,86,35,304,2020-03-05
386,Women,Velvet,Jacket,Spring,False,102,179,12,290,106,66,32,210,2019-11-28
387,Kids,Khaki,Trouser,Winter,False,102,169,10,589,141,45,36,360,2020-05-13
388,Men,Red,Underwear,Summer,False,103,152,14,237,18,35,41,998,2020-10-30
389,Women,Blue,Skirt,Autum,True,100,158,11,137,107,76,25,357,2019-03-09
390,Kids,Green,Dress,Spring,False,100,133,15,260,66,72,38,656,2020-07-04
391,Men,White,Shoes,Winter,True,105,119,15,99,68,91,27,818,2019-06-02
392,Women,Black,Sweater,Summer,True,103,100,15,211,102,95,37,228,2020-05-19
393,Kids,Grey,Jacket,Autum,False,102,182,12,334,113,69,34,246,2020-01-23
394,Men,Pink,Trouser,Spring,False,101,194,17,716,63,41,40,210,2020-09-21
395,Women,Velvet,Underwear,Winter,False,101,134,15,321,74,71,41,694,2020-11-21
396,Kids,Khaki,Skirt,Summer,True,103,176,19,921,9,13,42,278,2020-12-11
397,Men,Red,Dress,Autum,True,105,183,17,661,79,59,35,443,2020-03-25
398,Women,Blue,Shoes,Spring,False,101,180,13,495,7,91,39,636,2020-07-31
399,Kids,Green,Sweater,Winter,False,104,179,18,900,133,78,26,877,2019-04-25
400,Men,White,Jacket,Summer,False,103,149,13,530,54,23,42,264,2020-11-25
401,Women,Black,Trouser,Autum,False,105,199,11,186,48,33,29,507,2019-08-18
402,Kids,Grey,Underwear,Spring,False,103,121,19,317,145,56,28,653,2019-06-16
403,Men,Pink,Skirt,Winter,False,103,133,10,877,93,84,32,426,2019-12-12
404,Women,Velvet,Dress,Summer,True,102,182,12,538,138,62,27,368,2019-06-03
405,Kids,Khaki,Shoes,Autum,False,103,145,13,956,131,35,26,807,2019-04-16
406,Men,Red,Sweater,Spring,False,105,175,16,504,57,54,29,325,2019-07-20
407,Women,Blue,Jacket,Winter,False,103,142,13,171,7,25,41,929,2020-11-03
408,Kids,Green,Trouser,Summer,False,102,110,17,443,8,39,40,698,2020-10-13
409,Men,White,Underwear,Autum,True,105,167,13,615,44,11,27,969,2019-04-27
410,Women,Black,Skirt,Spring,True,102,177,10,939,37,44,36,595,2020-04-29
411,Kids,Grey,Dress,Winter,False,103,166,17,360,62,79,36,513,2020-04-25
412,Men,Pink,Shoes,Summer,True,102,169,19,470,101,18,35,890,2020-03-28
413,Women,Velvet,Sweater,Autum,True,103,180,10,370,92,35,24,862,2019-01-24
414,Kids,Khaki,Jacket,Spring,True,101,100,18,201,1,65,42,822,2020-12-27
415,Men,Red,Trouser,Winter,True,105,178,16,10,121,42,41,638,2020-10-17
416,Women,Blue,Underwear,Summer,True,103,152,15,411,65,60,26,503,2019-04-23
417,Kids,Green,Skirt,Autum,True,102,136,13,408,60,41,33,452,2020-01-14
418,Men,White,Dress,Spring,True,102,151,17,440,93,89,41,818,2020-11-14
419,Women,Black,Shoes,Winter,False,101,160,20,249,96,44,38,128,2020-07-14
420,Kids,Grey,Sweater,Summer,False,105,104,11,664,109,25,38,810,2020-07-26
421,Men,Pink,Jacket,Autum,True,102,152,17,643,119,83,35,940,2020-03-16
422,Women,Velvet,Trouser,Spring,True,100,100,19,598,75,83,42,459,2020-12-21
423,Kids,Khaki,Underwear,Winter,True,104,125,18,919,72,43,26,126,2019-04-13
424,Men,Red,Skirt,Summer,False,101,155,19,405,115,34,31,207,2019-10-18
425,Women,Blue,Dress,Autum,True,100,182,16,232,150,40,34,783,2020-01-31
426,Kids,Green,Shoes,Spring,True,105,135,18,776,31,28,38,669,2020-07-20
427,Men,White,Sweater,Winter,True,100,178,15,183,143,37,32,742,2019-12-07
428,Women,Black,Jacket,Summer,False,100,155,10,451,146,62,28,535,2019-06-13
429,Kids,Grey,Trouser,Autum,False,103,128,20,50,114,73,27,515,2019-05-05
430,Men,Pink,Underwear,Spring,False,103,126,20,56,114,70,28,511,2019-06-29
431,Women,Velvet,Skirt,Winter,False,101,199,17,943,93,40,33,361,2020-01-09
432,Kids,Khaki,Dress,Summer,True,105,165,14,17,119,28,27,606,2019-05-24
433,Men,Red,Shoes,Autum,True,102,121,10,980,128,96,38,751,2020-07-22
434,Women,Blue,Sweater,Spring,True,102,119,10,110,144,90,28,822,2019-07-07
435,Kids,Green,Jacket,Winter,True,103,193,12,893,35,64,26,612,2019-04-23
436,Men,White,Trouser,Summer,True,100,106,20,501,65,94,33,420,2020-01-08
437,Women,Black,Underwear,Autum,False,103,171,18,432,72,82,39,570,2020-08-05
438,Kids,Grey,Skirt,Spring,True,100,178,14,907,83,15,40,277,2020-10-04
439,Men,Pink,Dress,Winter,False,100,153,20,69,72,41,30,900,2019-09-01
440,Women,Velvet,Shoes,Summer,True,100,190,16,519,38,41,29,979,2019-08-18
441,Kids,Khaki,Sweater,Autum,True,104,137,20,119,100,51,34,282,2020-01-26
442,Men,Red,Jacket,Spring,True,105,158,13,147,133,15,39,663,2020-08-01
443,Women,Blue,Trouser,Winter,True,103,185,10,623,125,33,38,128,2020-07-05
444,Kids,Green,Underwear,Summer,True,103,182,10,198,70,41,32,762,2019-11-10
445,Men,White,Skirt,Autum,True,103,168,18,901,5,94,25,242,2019-03-11
446,Women,Black,Dress,Spring,True,102,150,17,630,117,82,35,929,2020-03-06
447,Kids,Grey,Shoes,Winter,False,105,120,14,841,11,70,36,366,2020-04-25
448,Men,Pink,Sweater,Summer,False,101,182,14,133,113,14,34,425,2020-01-28
449,Women,Velvet,Jacket,Autum,True,101,116,10,706,93,99,42,573,2020-12-06
450,Kids,Khaki,Trouser,Spring,False,103,182,20,910,10,20,39,291,2020-08-01
451,Men,Red,Underwear,Winter,True,101,139,15,513,99,72,32,826,2019-11-29
452,Women,Blue,Skirt,Summer,False,103,131,20,221,136,71,36,625,2020-05-12
453,Kids,Green,Dress,Autum,False,100,120,13,247,61,56,24,607,2019-01-18
454,Men,White,Shoes,Spring,False,104,175,17,237,24,63,31,166,2019-10-01
455,Women,Black,Sweater,Winter,False,101,198,17,887,86,40,30,324,2019-09-12
456,Kids,Grey,Jacket,Summer,False,104,199,12,589,124,51,30,148,2019-08-28
457,Men,Pink,Trouser,Autum,False,105,196,10,398,74,23,25,627,2019-03-05
458,Women,Velvet,Underwear,Spring,True,102,179,11,473,129,60,25,319,2019-02-24
459,Kids,Khaki,Skirt,Winter,False,102,100,16,307,139,32,36,586,2020-05-03
460,Men,Red,Dress,Summer,True,103,109,16,180,100,16,31,237,2019-09-27
461,Women,Blue,Shoes,Autum,False,105,197,10,322,65,26,39,584,2020-08-14
462,Kids,Green,Sweater,Spring,True,103,188,12,720,12,63,37,494,2020-05-23
463,Men,White,Jacket,Winter,True,105,183,18,393,45,67,37,282,2020-06-11
464,Women,Black,Trouser,Summer,True,102,141,14,559,80,42,41,557,2020-10-30
465,Kids,Grey,Underwear,Autum,False,100,179,14,997,95,14,26,333,2019-04-21
466,Men,Pink,Skirt,Spring,True,104,100,13,343,94,61,32,908,2019-12-04
467,Women,Velvet,Dress,Winter,False,100,148,18,491,124,23,40,238,2020-09-07
468,Kids,Khaki,Shoes,Summer,False,101,161,10,261,98,45,38,139,2020-07-21
469,Men,Red,Sweater,Autum,True,103,108,15,309,116,10,39,309,2020-09-05
470,Women,Blue,Jacket,Spring,False,105,171,16,510,57,49,31,317,2019-10-10
471,Kids,Green,Trouser,Winter,False,105,182,18,979,143,79,30,933,2019-09-18
472,Men,White,Underwear,Summer,False,101,159,20,501,128,35,36,275,2020-04-11
473,Women,Black,Skirt,Autum,True,101,199,18,372,22,57,35,919,2020-03-15
474,Kids,Grey,Dress,Spring,True,100,171,14,731,59,12,32,149,2019-11-28
475,Men,Pink,Shoes,Winter,False,100,167,12,545,10,74,28,628,2019-07-02
476,Women,Velvet,Sweater,Summer,True,103,194,13,496,136,77,39,377,2020-08-15
477,Kids,Khaki,Jacket,Autum,False,102,115,19,975,101,59,28,430,2019-06-19
478,Men,Red,Trouser,Spring,False,100,144,17,721,2,11,37,364,2020-06-04
479,Women,Blue,Underwear,Winter,True,103,188,11,504,110,40,29,966,2019-08-10
480,Kids,Green,Skirt,Summer,True,104,131,20,602,33,59,42,854,2020-11-27
481,Men,White,Dress,Autum,False,105,114,13,935,21,59,26,403,2019-03-27
482,Women,Black,Shoes,Spring,False,104,196,11,50,31,33,41,417,2020-11-09
483,Kids,Grey,Sweater,Winter,True,104,138,20,746,53,64,28,963,2019-07-08
484,Men,Pink,Jacket,Summer,True,105,147,10,140,105,62,31,324,2019-10-04
485,Women,Velvet,Trouser,Autum,False,101,187,14,543,15,98,39,686,2020-07-31
486,Kids,Khaki,Underwear,Spring,False,104,168,17,723,108,70,39,736,2020-08-30
487,Men,Red,Skirt,Winter,True,105,145,10,770,58,72,27,999,2019-05-06
488,Women,Blue,Dress,Summer,False,103,146,14,743,105,43,31,684,2019-10-23
489,Kids,Green,Shoes,Autum,False,100,121,14,223,59,59,41,598,2020-10-25
490,Men,White,Sweater,Spring,False,104,194,10,305,62,23,39,564,2020-08-27
491,Women,Black,Jacket,Winter,True,101,110,20,103,141,80,32,794,2019-11-06
492,Kids,Grey,Trouser,Summer,False,101,192,16,960,93,31,37,351,2020-06-12
493,Men,Pink,Underwear,Autum,False,104,177,18,601,95,84,28,691,2019-06-03
494,Women,Velvet,Skirt,Spring,False,103,143,13,889,122,34,42,762,2020-12-05
495,Kids,Khaki,Dress,Winter,False,101,193,15,197,123,24,33,495,2020-01-04
496,Men,Red,Shoes,Summer,True,101,150,17,399,88,88,39,788,2020-09-04
497,Women,Blue,Sweater,Autum,True,105,176,16,754,89,49,25,480,2019-02-21
498,Kids,Green,Jacket,Spring,False,101,144,17,64,45,92,39,572,2020-09-05
499,Men,White,Trouser,Winter,False,102,102,17,202,126,37,29,528,2019-07-23
500,Women,Black,Underwear,Summer,False,104,167,15,558,62,43,36,334,2020-04-08
501,Kids,Grey,Skirt,Autum,True,101,102,19,140,143,69,38,790,2020-06-29
502,Men,Pink,Dress,Spring,False,104,159,14,581,63,34,40,326,2020-10-06
503,Women,Velvet,Shoes,Winter,True,103,174,19,825,147,13,37,215,2020-05-25
504,Kids,Khaki,Sweater,Summer,True,102,146,15,196,36,59,34,355,2020-02-27
505,Men,Red,Jacket,Autum,False,104,100,11,932,17,42,32,359,2019-11-15
506,Women,Blue,Trouser,Spring,True,100,181,16,13,122,47,39,650,2020-08-20
507,Kids,Green,Underwear,Winter,True,102,132,12,850,115,23,25,706,2019-02-27
508,Men,White,Skirt,Summer,False,105,149,20,517,2,54,34,557,2020-02-22
509,Women,Black,Dress,Autum,True,104,107,15,692,14,89,26,538,2019-04-01
510,Kids,Grey,Shoes,Spring,True,104,104,13,392,100,63,34,948,2020-01-28
511,Men,Pink,Sweater,Winter,False,101,184,14,614,23,92,25,719,2019-03-11
512,Women,Velvet,Jacket,Summer,False,104,152,13,677,73,22,31,362,2019-10-02
513,Kids,Khaki,Trouser,Autum,False,104,191,10,969,19,30,38,353,2020-07-17
514,Men,Red,Underwear,Spring,False,104,170,17,705,106,73,37,732,2020-06-07
515,Women,Blue,Skirt,Winter,True,104,196,12,246,80,58,28,835,2019-07-03
516,Kids,Green,Dress,Summer,True,100,101,20,273,35,94,40,267,2020-10-05
517,Men,White,Shoes,Autum,False,104,149,12,975,110,100,32,532,2019-11-17
518,Women,Black,Sweater,Spring,False,100,136,17,253,91,15,30,959,2019-09-08
519,Kids,Grey,Jacket,Winter,False,100,154,20,16,66,44,26,872,2019-04-01
520,Men,Pink,Trouser,Summer,False,102,111,18,274,137,45,30,597,2019-08-22
521,Women,Velvet,Underwear,Autum,True,105,155,12,574,36,89,29,910,2019-07-31
522,Kids,Khaki,Skirt,Spring,True,103,102,14,748,19,81,32,555,2019-11-17
523,Men,Red,Dress,Winter,False,101,140,16,39,40,87,40,542,2020-09-26
524,Women,Blue,Shoes,Summer,True,104,114,15,4,55,87,24,745,2019-01-10
525,Kids,Green,Sweater,Autum,False,103,160,16,408,66,70,42,524,2020-12-05
526,Men,White,Jacket,Spring,True,103,190,12,19,50,57,36,681,2020-04-08
527,Women,Black,Trouser,Winter,True,102,182,11,900,33,51,32,585,2019-11-09
528,Kids,Grey,Underwear,Summer,False,104,156,14,483,50,32,36,257,2020-04-10
529,Men,Pink,Skirt,Autum,False,104,179,19,534,87,88,42,655,2020-11-24
530,Women,Velvet,Dress,Spring,True,105,117,15,147,73,87,31,840,2019-10-29
531,Kids,Khaki,Shoes,Winter,True,103,117,18,743,48,38,38,897,2020-06-25
532,Men,Red,Sweater,Summer,False,101,171,11,912,57,67,31,859,2019-10-14
533,Women,Blue,Jacket,Autum,True,104,141,10,520,26,74,32,836,2019-11-13
534,Kids,Green,Trouser,Spring,True,104,121,16,947,49,97,36,731,2020-05-04
535,Men,White,Underwear,Winter,False,102,129,11,463,41,91,27,163,2019-05-31
536,Women,Black,Skirt,Summer,False,101,155,20,355,108,35,28,177,2019-06-22
537,Kids,Grey,Dress,Autum,True,101,122,12,225,34,30,28,301,2019-06-18
538,Men,Pink,Shoes,Spring,False,102,193,15,550,17,14,36,707,2020-05-12
539,Women,Velvet,Sweater,Winter,False,100,147,19,209,88,29,41,965,2020-11-19
540,Kids,Khaki,Jacket,Summer,False,101,105,18,531,43,61,42,135,2020-12-12
541,Men,Red,Trouser,Autum,True,101,135,14,874,143,56,38,130,2020-07-03
542,Women,Blue,Underwear,Spring,False,105,197,10,254,56,28,35,541,2020-03-15
543,Kids,Green,Skirt,Winter,True,104,138,20,52,91,54,29,245,2019-07-24
544,Men,White,Dress,Summer,True,101,117,10,832,109,96,31,650,2019-09-29
545,Women,Black,Shoes,Autum,False,103,110,17,692,39,31,37,846,2020-06-18
546,Kids,Grey,Sweater,Spring,False,103,159,16,426,68,68,24,532,2019-02-05
547,Men,Pink,Jacket,Winter,True,103,100,15,992,75,11,42,998,2020-11-26
548,Women,Velvet,Trouser,Summer,True,100,106,11,897,139,21,33,959,2019-12-28
549,Kids,Khaki,Underwear,Autum,True,104,147,11,644,43,77,37,928,2020-06-05
550,Men,Red,Skirt,Spring,False,101,191,16,925,89,31,35,327,2020-04-01
551,Women,Blue,Dress,Winter,True,103,100,14,425,129,88,31,356,2019-10-19
552,Kids,Green,Shoes,Summer,True,105,140,19,501,148,43,37,522,2020-06-15
553,Men,White,Sweater,Autum,True,100,191,17,48,129,57,37,700,2020-06-07
554,Women,Black,Jacket,Spring,False,105,192,20,928,139,92,42,931,2020-12-02
555,Kids,Grey,Trouser,Winter,False,105,111,13,985,26,54,30,425,2019-09-09
556,Men,Pink,Underwear,Summer,True,103,200,14,393,124,89,29,335,2019-08-14
557,Women,Velvet,Skirt,Autum,False,103,119,18,542,23,47,24,784,2019-01-10
558,Kids,Khaki,Dress,Spring,True,104,159,14,822,93,26,37,471,2020-05-16
559,Men,Red,Shoes,Winter,False,105,187,19,789,121,90,35,832,2020-03-25
560,Women,Blue,Sweater,Summer,True,101,110,20,913,117,85,39,678,2020-08-08
561,Kids,Green,Jacket,Autum,True,103,200,15,113,89,96,31,165,2019-10-12
562,Men,White,Trouser,Spring,False,104,177,19,367,65,91,32,549,2019-11-20
563,Women,Black,Underwear,Winter,False,101,171,11,983,66,66,35,903,2020-03-31
564,Kids,Grey,Skirt,Summer,False,105,191,20,546,91,12,37,699,2020-06-03
565,Men,Pink,Dress,Autum,True,101,187,16,649,53,35,39,150,2020-08-05
566,Women,Velvet,Shoes,Spring,False,100,113,12,702,116,34,37,860,2020-05-29
567,Kids,Khaki,Sweater,Winter,False,105,110,12,158,48,48,41,526,2020-11-19
568,Men,Red,Jacket,Summer,True,105,170,15,22,121,33,25,623,2019-03-16
569,Women,Blue,Trouser,Autum,True,101,141,16,242,66,83,33,669,2020-01-08
570,Kids,Green,Underwear,Spring,False,102,141,13,892,122,32,24,758,2019-01-11
571,Men,White,Skirt,Winter,False,104,179,18,48,1,74,36,966,2020-04-20
572,Women,Black,Dress,Summer,True,102,157,18,425,93,96,38,825,2020-07-08
573,Kids,Grey,Shoes,Autum,False,105,190,19,45,3,86,31,994,2019-10-20
574,Men,Pink,Sweater,Spring,True,104,149,11,485,23,84,26,837,2019-04-20
575,Women,Velvet,Jacket,Winter,False,101,176,13,401,144,89,34,567,2020-02-19
576,Kids,Khaki,Trouser,Summer,True,100,159,11,320,130,71,37,468,2020-05-18
577,Men,Red,Underwear,Autum,False,104,164,15,696,79,36,27,410,2019-04-26
578,Women,Blue,Skirt,Spring,False,105,122,16,208,82,91,33,893,2019-12-30
579,Kids,Green,Dress,Winter,True,101,104,19,313,16,66,29,900,2019-07-25
580,Men,White,Shoes,Summer,True,100,101,10,982,148,11,41,993,2020-10-31
581,Women,Black,Sweater,Autum,True,100,189,17,27,126,56,36,683,2020-05-14
582,Kids,Grey,Jacket,Spring,True,102,175,10,4,45,39,41,626,2020-11-12
583,Men,Pink,Trouser,Winter,False,105,108,13,839,8,55,41,330,2020-11-06
584,Women,Velvet,Underwear,Summer,True,102,188,12,609,148,67,30,427,2019-08-26
585,Kids,Khaki,Skirt,Autum,True,101,117,10,722,95,99,24,584,2019-01-10
586,Men,Red,Dress,Spring,False,104,177,19,242,50,95,24,475,2019-01-10
587,Women,Blue,Shoes,Winter,True,100,180,15,864,78,20,36,258,2020-05-09
588,Kids,Green,Sweater,Summer,True,105,150,11,592,37,82,33,905,2019-12-13
589,Men,White,Jacket,Autum,False,105,109,13,963,23,52,30,405,2019-08-27
590,Women,Black,Trouser,Spring,False,105,129,17,71,67,12,41,829,2020-10-17
591,Kids,Grey,Underwear,Winter,False,103,135,11,813,86,88,28,393,2019-06-13
592,Men,Pink,Skirt,Summer,True,102,163,19,404,92,13,34,831,2020-02-03
593,Women,Velvet,Dress,Autum,False,103,106,16,762,47,24,25,875,2019-02-18
594,Kids,Khaki,Shoes,Spring,True,105,136,19,297,122,45,26,386,2019-04-14
595,Men,Red,Sweater,Winter,False,104,106,13,419,104,65,35,970,2020-03-03
596,Women,Blue,Jacket,Summer,False,103,159,16,507,79,66,29,581,2019-08-15
597,Kids,Green,Trouser,Autum,False,103,125,20,272,141,62,42,639,2020-12-16
598,Men,White,Underwear,Spring,True,105,148,20,506,1,52,34,547,2020-02-20
599,Women,Black,Skirt,Winter,False,100,130,15,183,56,71,34,599,2020-02-24
600,Kids,Grey,Dress,Summer,False,102,198,15,990,73,98,24,986,2019-01-21
601,Men,Pink,Shoes,Autum,False,103,148,13,269,21,29,26,105,2019-03-19
602,Women,Velvet,Sweater,Spring,False,103,131,10,971,105,78,40,475,2020-09-12
603,Kids,Khaki,Jacket,Winter,False,104,166,15,656,74,39,42,390,2020-12-20
604,Men,Red,Trouser,Summer,False,102,106,18,753,71,55,37,269,2020-05-25
605,Women,Blue,Underwear,Autum,False,102,112,19,877,88,58,42,362,2020-12-12
606,Kids,Green,Skirt,Spring,False,101,144,17,1000,36,93,36,531,2020-04-13
607,Men,White,Dress,Winter,True,100,151,10,457,145,58,30,528,2019-08-27
608,Women,Black,Shoes,Summer,True,101,142,16,564,106,74,34,864,2020-02-18
609,Kids,Grey,Sweater,Autum,True,104,115,16,528,145,13,31,463,2019-10-14
610,Men,Pink,Jacket,Spring,True,105,153,11,665,47,84,36,957,2020-04-24
611,Women,Velvet,Trouser,Winter,True,104,136,20,697,46,62,26,926,2019-04-20
612,Kids,Khaki,Underwear,Summer,True,104,197,12,334,91,56,33,892,2020-01-12
613,Men,Red,Skirt,Autum,False,103,155,16,509,78,61,31,571,2019-10-23
614,Women,Blue,Dress,Spring,False,105,186,19,807,123,89,37,840,2020-05-25
615,Kids,Green,Shoes,Winter,True,100,121,12,886,142,39,26,996,2019-03-28
616,Men,White,Sweater,Summer,False,100,124,14,110,45,66,32,539,2019-11-30
617,Women,Black,Jacket,Autum,False,104,168,15,529,58,45,33,319,2020-01-14
618,Kids,Grey,Trouser,Spring,False,104,184,20,374,68,99,29,575,2019-08-06
619,Men,Pink,Underwear,Winter,True,103,174,19,824,147,13,37,214,2020-05-25
620,Women,Velvet,Skirt,Summer,False,102,110,17,408,4,40,38,675,2020-07-27
621,Kids,Khaki,Dress,Autum,True,105,133,18,839,39,24,24,702,2019-01-20
622,Men,Red,Shoes,Spring,False,100,161,11,566,11,66,32,621,2019-12-09
623,Women,Blue,Sweater,Winter,True,100,161,12,60,98,82,38,318,2020-07-21
624,Kids,Green,Jacket,Summer,True,101,112,20,171,150,80,35,840,2020-03-23
625,Men,White,Trouser,Autum,False,105,105,12,79,37,45,39,464,2020-08-01
626,Women,Black,Underwear,Spring,False,102,116,20,645,60,70,26,235,2019-03-19
627,Kids,Grey,Skirt,Winter,True,105,151,11,663,46,81,37,950,2020-05-20
628,Men,Pink,Dress,Summer,False,100,153,20,748,32,51,28,707,2019-07-09
629,Women,Velvet,Shoes,Autum,False,100,142,18,67,69,29,34,867,2020-02-18
630,Kids,Khaki,Sweater,Spring,True,103,116,17,895,66,33,28,987,2019-07-08
631,Men,Red,Jacket,Winter,False,102,133,12,49,140,18,37,830,2020-06-03
632,Women,Blue,Trouser,Summer,False,105,116,15,191,78,84,35,863,2020-03-06
633,Kids,Green,Underwear,Autum,False,104,193,10,26,27,30,41,393,2020-11-06
634,Men,White,Skirt,Spring,True,104,106,13,324,93,69,28,915,2019-07-05
635,Women,Black,Dress,Winter,True,102,153,17,714,128,82,39,987,2020-08-15
636,Kids,Grey,Shoes,Summer,True,102,158,17,57,22,78,39,308,2020-09-01
637,Men,Pink,Sweater,Autum,True,103,109,16,349,121,10,42,336,2020-11-23
638,Women,Velvet,Jacket,Spring,True,103,102,15,87,87,10,28,160,2019-06-15
639,Kids,Khaki,Trouser,Winter,True,100,176,14,733,61,18,30,165,2019-09-15
640,Men,Red,Underwear,Summer,True,100,173,14,723,59,15,31,152,2019-09-29
641,Women,Blue,Skirt,Autum,True,104,125,19,785,55,47,37,948,2020-05-16
642,Kids,Green,Dress,Spring,True,105,138,19,301,123,47,26,394,2019-03-22
643,Men,White,Shoes,Winter,False,100,134,16,65,42,79,25,541,2019-03-02
644,Women,Black,Sweater,Summer,True,100,157,11,298,127,69,36,448,2020-05-05
645,Kids,Grey,Jacket,Autum,True,101,193,17,375,21,50,38,904,2020-06-30
646,Men,Pink,Trouser,Spring,True,105,138,19,480,145,41,37,502,2020-06-01
647,Women,Velvet,Underwear,Winter,False,105,107,12,896,14,52,26,359,2019-04-13
648,Kids,Khaki,Skirt,Summer,True,103,120,18,956,75,36,30,135,2019-09-26
649,Men,Red,Dress,Autum,True,104,114,16,411,131,15,24,391,2019-01-17
650,Women,Blue,Shoes,Spring,False,104,182,19,310,60,99,26,530,2019-04-04
651,Kids,Green,Sweater,Winter,False,104,192,10,979,21,30,39,361,2020-08-02
652,Men,White,Jacket,Summer,True,104,142,10,898,73,63,36,163,2020-05-12
653,Women,Black,Trouser,Autum,True,102,175,10,682,4,49,40,432,2020-09-28
654,Kids,Grey,Underwear,Spring,True,103,119,18,775,52,40,38,924,2020-07-31
655,Men,Pink,Skirt,Winter,True,103,165,17,151,35,83,24,383,2019-01-01
656,Women,Velvet,Dress,Summer,True,103,188,12,704,10,64,36,484,2020-04-10
657,Kids,Khaki,Shoes,Autum,True,103,170,19,912,7,97,25,256,2019-02-22
658,Men,Red,Sweater,Spring,False,103,153,15,485,74,59,31,550,2019-09-29
659,Women,Blue,Jacket,Winter,False,102,100,16,675,35,20,41,806,2020-10-24
660,Kids,Green,Trouser,Summer,True,100,196,20,232,28,89,40,227,2020-09-25
661,Men,White,Underwear,Autum,False,101,194,15,337,141,21,42,582,2020-11-24
662,Women,Black,Skirt,Spring,False,105,199,10,710,114,16,25,821,2019-02-19
663,Kids,Grey,Dress,Winter,True,101,200,18,497,37,55,42,997,2020-12-31
664,Men,Pink,Shoes,Summer,True,100,199,19,634,79,80,26,477,2019-04-08
665,Women,Velvet,Sweater,Autum,False,102,119,20,617,57,75,41,227,2020-11-21
666,Kids,Khaki,Jacket,Spring,False,105,119,15,506,119,79,34,162,2020-02-14
667,Men,Red,Trouser,Winter,False,105,104,11,309,65,36,35,598,2020-03-08
668,Women,Blue,Underwear,Summer,True,104,149,12,185,136,93,26,657,2019-04-20
669,Kids,Green,Skirt,Autum,False,102,132,12,94,145,16,40,853,2020-10-11
670,Men,White,Dress,Spring,False,104,164,16,830,120,61,29,788,2019-07-27
671,Women,Black,Shoes,Winter,False,102,115,19,762,75,66,33,303,2020-01-07
672,Kids,Grey,Sweater,Summer,False,101,165,10,442,122,44,29,259,2019-08-02
673,Men,Pink,Jacket,Autum,True,104,108,15,642,8,91,41,509,2020-11-22
674,Women,Velvet,Trouser,Spring,True,103,100,15,102,88,98,30,162,2019-08-27
675,Kids,Khaki,Underwear,Winter,False,104,185,19,623,100,93,25,728,2019-03-14
676,Men,Red,Skirt,Summer,True,100,195,19,539,66,78,41,407,2020-11-01
677,Women,Blue,Dress,Autum,False,105,126,16,501,120,87,31,180,2019-10-10
678,Kids,Green,Shoes,Spring,False,105,104,10,762,122,22,26,870,2019-03-19
679,Men,White,Sweater,Winter,True,100,119,12,797,130,39,40,937,2020-09-24
680,Women,Black,Jacket,Summer,True,105,168,13,599,42,13,25,963,2019-03-02
681,Kids,Grey,Trouser,Autum,False,103,108,17,750,46,27,42,876,2020-12-06
682,Men,Pink,Underwear,Spring,True,101,130,14,708,121,55,30,915,2019-08-26
683,Women,Velvet,Skirt,Winter,True,102,138,14,338,52,45,28,416,2019-06-23
684,Kids,Khaki,Dress,Summer,False,101,161,20,758,10,30,32,437,2019-11-16
685,Men,Red,Shoes,Autum,True,105,125,17,917,46,12,32,725,2019-12-07
686,Women,Blue,Sweater,Spring,True,103,192,12,152,67,56,24,766,2019-01-22
687,Kids,Green,Jacket,Winter,True,102,142,14,509,75,45,37,531,2020-06-09
688,Men,White,Trouser,Summer,False,100,173,13,251,125,90,26,469,2019-04-09
689,Women,Black,Underwear,Autum,True,101,142,16,173,58,86,28,631,2019-07-05
690,Kids,Grey,Skirt,Spring,True,105,166,14,11,118,28,27,602,2019-05-07
691,Men,Pink,Dress,Winter,False,105,188,19,146,16,82,38,151,2020-07-10
692,Women,Velvet,Shoes,Summer,False,100,156,10,864,47,51,34,786,2020-02-26
693,Kids,Khaki,Sweater,Autum,True,100,102,20,413,53,91,30,354,2019-08-22
694,Men,Red,Jacket,Spring,True,100,180,15,501,33,30,33,939,2019-12-21
695,Women,Blue,Trouser,Winter,False,104,180,19,386,69,95,32,571,2019-11-05
696,Kids,Green,Underwear,Summer,True,104,127,18,76,92,40,35,227,2020-03-28
697,Men,White,Skirt,Autum,False,103,138,11,804,86,93,26,398,2019-03-22
698,Women,Black,Dress,Spring,False,100,135,17,432,113,100,42,164,2020-11-24
699,Kids,Grey,Shoes,Winter,False,103,137,11,681,70,95,37,321,2020-06-14
700,Men,Pink,Sweater,Summer,False,101,173,12,869,52,72,27,841,2019-05-17
701,Women,Velvet,Jacket,Autum,False,105,134,17,172,80,15,26,904,2019-03-27
702,Kids,Khaki,Trouser,Spring,False,100,159,10,711,29,60,42,703,2020-12-25
703,Men,Red,Underwear,Winter,False,101,189,16,862,80,30,33,282,2019-12-17
704,Women,Blue,Skirt,Summer,False,100,151,10,582,11,54,38,603,2020-06-24
705,Kids,Green,Dress,Autum,False,101,166,10,548,135,43,35,327,2020-03-28
706,Men,White,Shoes,Spring,False,102,126,10,537,49,86,33,202,2020-01-02
707,Women,Black,Sweater,Winter,False,100,133,15,256,66,73,37,654,2020-06-20
708,Kids,Grey,Jacket,Summer,True,105,174,16,581,66,51,34,369,2020-02-03
709,Men,Pink,Trouser,Autum,True,104,135,19,152,103,47,37,296,2020-05-20
710,Women,Velvet,Underwear,Spring,True,103,170,19,613,119,15,25,977,2019-03-03
711,Kids,Khaki,Skirt,Winter,True,103,161,17,203,41,77,28,404,2019-07-03
712,Men,Red,Dress,Summer,True,103,166,18,150,36,85,42,387,2020-12-07
713,Women,Blue,Shoes,Autum,True,102,134,13,689,95,30,33,614,2020-01-06
714,Kids,Green,Sweater,Spring,False,102,132,12,76,143,16,39,843,2020-08-25
715,Men,White,Jacket,Winter,True,102,188,13,483,133,71,41,352,2020-10-20
716,Women,Black,Trouser,Summer,False,100,163,11,630,20,67,35,667,2020-04-01
717,Kids,Grey,Underwear,Autum,False,103,161,17,373,62,72,39,504,2020-08-30
718,Men,Pink,Skirt,Spring,False,105,139,19,740,28,34,34,660,2020-02-16
719,Women,Velvet,Dress,Winter,False,101,174,12,718,34,77,36,752,2020-05-03
720,Kids,Khaki,Shoes,Summer,True,104,127,18,466,141,28,41,461,2020-10-31
721,Men,Red,Sweater,Autum,True,102,178,10,998,45,43,40,632,2020-09-07
722,Women,Blue,Jacket,Spring,True,104,131,19,58,91,46,32,228,2019-12-01
723,Kids,Green,Trouser,Winter,True,103,106,16,13,79,17,41,126,2020-10-17
724,Men,White,Underwear,Summer,True,103,167,18,84,28,88,37,351,2020-06-06
725,Women,Black,Skirt,Autum,False,104,176,18,685,105,80,33,737,2020-01-17
726,Kids,Grey,Dress,Spring,True,101,160,19,898,28,24,41,518,2020-11-12
727,Men,Pink,Shoes,Winter,False,101,163,10,29,70,54,42,905,2020-12-11
728,Women,Velvet,Sweater,Summer,False,103,129,20,142,125,71,32,571,2019-12-04
729,Kids,Khaki,Jacket,Autum,True,104,120,16,717,20,13,41,592,2020-10-22
730,Men,Red,Trouser,Spring,False,100,158,10,548,8,63,33,601,2019-12-18
731,Women,Blue,Underwear,Winter,True,102,156,17,735,131,86,39,109,2020-08-12
732,Kids,Green,Skirt,Summer,False,105,192,19,70,7,88,32,115,2019-11-17
733,Men,White,Dress,Autum,True,102,167,20,82,52,27,31,649,2019-10-06
734,Women,Black,Shoes,Spring,True,105,146,10,928,78,68,36,195,2020-05-11
735,Kids,Grey,Sweater,Winter,False,100,134,17,428,112,98,42,158,2020-12-06
736,Men,Pink,Jacket,Summer,True,102,150,16,40,18,68,42,272,2020-12-13
737,Women,Velvet,Trouser,Autum,False,105,142,19,846,42,35,40,733,2020-09-09
738,Kids,Khaki,Underwear,Spring,False,102,187,14,756,42,92,33,813,2019-12-31
739,Men,Red,Skirt,Winter,True,105,195,19,210,25,88,39,210,2020-08-21
740,Women,Blue,Dress,Summer,False,102,199,16,380,148,27,42,623,2020-12-05
741,Kids,Green,Shoes,Autum,True,102,158,17,896,2,83,29,211,2019-08-05
742,Men,White,Sweater,Spring,True,103,168,18,929,9,94,27,261,2019-05-08
743,Women,Black,Jacket,Winter,True,101,138,14,99,22,53,32,273,2019-11-21
744,Kids,Grey,Trouser,Summer,False,104,173,18,560,89,81,27,654,2019-05-05
745,Men,Pink,Underwear,Autum,False,102,104,18,808,78,51,41,298,2020-11-05
746,Women,Velvet,Skirt,Spring,True,102,122,11,996,131,97,39,765,2020-08-04
747,Kids,Khaki,Dress,Winter,True,104,122,18,176,103,31,25,271,2019-02-20
748,Men,Red,Shoes,Summer,False,103,170,18,338,60,84,33,512,2019-12-29
749,Women,Blue,Sweater,Autum,True,103,192,12,18,51,60,35,686,2020-03-03
750,Kids,Green,Jacket,Spring,True,103,116,18,757,49,37,39,904,2020-08-06
751,Men,White,Trouser,Winter,False,101,167,11,704,30,69,38,723,2020-07-29
752,Women,Black,Underwear,Summer,True,104,200,13,64,58,68,34,738,2020-02-05
753,Kids,Grey,Skirt,Autum,False,104,162,14,715,80,32,29,413,2019-07-24
754,Men,Pink,Dress,Spring,True,104,110,14,216,80,76,39,860,2020-08-14
755,Women,Velvet,Shoes,Winter,False,104,196,11,872,8,38,30,309,2019-09-09
756,Kids,Khaki,Sweater,Summer,True,101,102,19,114,140,69,36,775,2020-04-27
757,Men,Red,Jacket,Autum,False,103,153,15,698,101,52,25,677,2019-03-11
758,Women,Blue,Trouser,Spring,True,103,121,18,779,53,42,38,932,2020-07-13
759,Kids,Green,Underwear,Winter,False,101,176,12,898,57,75,28,867,2019-06-08
760,Men,White,Skirt,Summer,False,105,106,11,651,108,28,37,809,2020-05-17
761,Women,Black,Dress,Autum,False,101,164,20,509,130,42,34,297,2020-01-22
762,Kids,Grey,Shoes,Spring,True,103,104,15,115,91,12,29,183,2019-07-19
763,Men,Pink,Sweater,Winter,False,100,153,20,865,47,48,36,778,2020-04-13
764,Women,Velvet,Jacket,Summer,False,104,178,18,605,95,85,28,695,2019-06-03
765,Kids,Khaki,Trouser,Autum,True,100,113,11,878,139,30,29,968,2019-07-23
766,Men,Red,Underwear,Spring,False,103,170,18,133,35,90,39,389,2020-08-17
767,Women,Blue,Skirt,Winter,True,101,199,18,69,134,67,35,738,2020-03-03
768,Kids,Green,Dress,Summer,True,103,188,12,761,17,62,39,519,2020-08-27
769,Men,White,Shoes,Autum,False,102,199,15,648,31,18,40,784,2020-09-19
770,Women,Black,Sweater,Spring,False,100,138,17,444,115,12,41,179,2020-11-07
771,Kids,Grey,Jacket,Winter,True,100,121,13,784,129,42,38,934,2020-07-23
772,Men,Pink,Trouser,Summer,False,101,174,12,617,21,80,30,692,2019-09-01
773,Women,Velvet,Underwear,Autum,True,105,144,20,531,3,47,38,550,2020-06-28
774,Kids,Khaki,Skirt,Spring,False,105,175,17,338,37,60,37,228,2020-05-29
775,Men,Red,Dress,Winter,False,102,169,10,571,139,46,35,349,2020-03-29
776,Women,Blue,Shoes,Summer,False,105,109,12,69,37,50,36,471,2020-05-03
777,Kids,Green,Sweater,Autum,False,102,194,14,959,69,94,24,956,2019-01-11
778,Men,White,Jacket,Spring,True,105,133,18,453,140,36,37,472,2020-06-14
779,Women,Black,Trouser,Winter,False,101,163,10,276,101,47,39,152,2020-08-02
780,Kids,Grey,Underwear,Summer,True,102,153,17,689,125,83,37,972,2020-06-15
781,Men,Pink,Skirt,Autum,False,103,138,11,723,75,94,40,346,2020-09-22
782,Women,Velvet,Dress,Spring,True,103,193,13,692,10,71,33,493,2019-12-14
783,Kids,Khaki,Shoes,Winter,False,105,137,18,124,75,20,40,886,2020-10-03
784,Men,Red,Sweater,Summer,True,101,104,19,960,121,76,26,688,2019-03-19
785,Women,Blue,Jacket,Autum,False,105,191,20,844,129,94,37,879,2020-05-21
786,Kids,Green,Trouser,Spring,False,104,156,14,671,73,27,28,371,2019-07-08
787,Men,White,Underwear,Winter,False,100,130,14,356,77,65,27,703,2019-04-26
788,Women,Black,Skirt,Summer,False,103,156,15,867,123,52,34,789,2020-02-22
789,Kids,Grey,Dress,Autum,False,100,151,20,56,70,39,30,886,2019-09-02
790,Men,Pink,Shoes,Spring,True,104,132,18,315,123,39,29,384,2019-08-12
791,Women,Velvet,Sweater,Winter,False,105,197,10,342,67,26,40,595,2020-10-05
792,Kids,Khaki,Jacket,Summer,True,102,120,10,67,139,93,25,802,2019-02-28
793,Men,Red,Trouser,Autum,True,100,110,11,858,135,27,29,947,2019-07-25
794,Women,Blue,Underwear,Spring,True,105,189,18,559,68,70,26,401,2019-04-06
795,Kids,Green,Skirt,Winter,False,100,134,16,871,18,85,32,425,2019-11-15
796,Men,White,Dress,Summer,True,105,153,11,781,61,81,24,128,2019-01-17
797,Women,Black,Shoes,Autum,False,102,115,19,65,112,56,34,483,2020-01-25
798,Kids,Grey,Sweater,Spring,False,103,161,16,494,77,68,28,578,2019-06-20
799,Men,Pink,Jacket,Winter,False,103,159,16,683,101,61,40,687,2020-10-14
800,Women,Velvet,Trouser,Summer,True,104,135,20,676,44,61,26,910,2019-03-21
801,Kids,Khaki,Underwear,Autum,True,101,123,13,928,147,40,27,126,2019-06-03
802,Men,Red,Skirt,Spring,True,101,134,15,415,86,69,28,752,2019-06-27
803,Women,Blue,Dress,Winter,False,101,171,12,690,30,75,36,728,2020-04-11
804,Kids,Green,Shoes,Summer,False,103,154,15,575,86,57,36,607,2020-04-26
805,Men,White,Sweater,Autum,False,102,196,14,973,71,96,24,970,2019-01-14
806,Women,Black,Jacket,Spring,False,105,193,19,88,10,89,32,131,2019-11-29
807,Kids,Grey,Trouser,Winter,False,104,156,14,534,56,31,39,288,2020-08-10
808,Men,Pink,Underwear,Summer,True,105,187,18,377,44,72,34,284,2020-02-25
809,Women,Velvet,Skirt,Autum,True,102,141,14,645,91,40,27,610,2019-05-19
810,Kids,Khaki,Dress,Spring,False,105,186,19,803,122,89,36,839,2020-05-09
811,Men,Red,Shoes,Winter,True,104,108,14,156,72,76,36,820,2020-04-16
812,Women,Blue,Sweater,Summer,True,104,119,17,246,111,25,30,305,2019-09-27
813,Kids,Green,Jacket,Autum,True,102,159,18,504,103,96,42,879,2020-12-12
814,Men,White,Trouser,Spring,False,105,123,16,210,82,92,33,895,2019-12-25
815,Women,Black,Underwear,Winter,True,102,169,20,928,34,34,39,563,2020-08-25
816,Kids,Grey,Skirt,Summer,False,104,172,17,817,120,72,25,805,2019-02-08
817,Men,Pink,Dress,Autum,True,103,168,18,992,16,92,31,297,2019-10-17
818,Women,Velvet,Shoes,Spring,True,105,149,10,905,76,72,34,189,2020-01-27
819,Kids,Khaki,Sweater,Winter,False,105,187,19,762,117,91,33,817,2020-01-14
820,Men,Red,Jacket,Summer,True,102,157,18,207,66,12,24,696,2019-01-15
821,Women,Blue,Trouser,Autum,False,102,140,13,777,108,35,36,686,2020-04-23
822,Kids,Green,Underwear,Spring,False,103,142,13,203,11,25,24,949,2019-01-11
823,Men,White,Skirt,Winter,True,102,137,13,706,98,33,33,633,2019-12-27
824,Women,Black,Dress,Summer,False,103,167,17,334,59,80,34,500,2020-02-08
825,Kids,Grey,Shoes,Autum,False,101,141,16,102,48,87,24,584,2019-02-03
826,Men,Pink,Sweater,Spring,False,104,100,12,717,140,50,37,232,2020-05-26
827,Women,Velvet,Jacket,Winter,False,100,163,11,759,36,63,24,746,2019-02-07
828,Kids,Khaki,Trouser,Summer,True,105,155,11,972,86,78,35,248,2020-03-24
829,Men,Red,Underwear,Autum,True,104,141,10,467,19,75,29,803,2019-07-16
830,Women,Blue,Skirt,Spring,False,102,115,19,790,78,65,35,321,2020-03-12
831,Kids,Green,Dress,Winter,False,102,195,14,5,75,94,26,988,2019-04-09
832,Men,White,Shoes,Summer,True,105,133,18,465,142,35,38,477,2020-07-25
833,Women,Black,Sweater,Autum,False,101,175,12,771,40,76,39,785,2020-09-01
834,Kids,Grey,Jacket,Spring,False,102,128,10,600,57,86,36,243,2020-05-14
835,Men,Pink,Trouser,Winter,True,101,129,14,762,128,52,33,946,2020-01-13
836,Women,Velvet,Underwear,Summer,False,102,103,17,308,140,34,35,594,2020-03-29
837,Kids,Khaki,Skirt,Autum,True,102,121,10,2,131,96,39,766,2020-09-04
838,Men,Red,Dress,Spring,True,102,184,12,549,140,64,28,379,2019-06-09
839,Women,Blue,Shoes,Winter,True,104,108,14,987,51,81,25,718,2019-03-05
840,Kids,Green,Sweater,Summer,False,105,198,10,757,120,14,28,848,2019-06-23
841,Men,White,Jacket,Autum,True,100,100,20,138,18,97,32,183,2019-11-28
842,Women,Black,Trouser,Spring,False,101,143,17,980,34,93,35,518,2020-03-02
843,Kids,Grey,Underwear,Winter,True,100,115,11,222,32,21,31,278,2019-10-06
844,Men,Pink,Skirt,Summer,False,101,165,10,254,98,50,36,147,2020-04-26
845,Women,Velvet,Dress,Autum,False,100,123,14,160,51,63,36,564,2020-04-27
846,Kids,Khaki,Shoes,Spring,False,100,178,14,97,107,10,33,390,2020-01-10
847,Men,Red,Sweater,Winter,True,105,162,13,564,36,98,26,923,2019-03-20
848,Women,Blue,Jacket,Summer,True,101,188,16,649,53,35,39,151,2020-08-01
849,Kids,Green,Trouser,Autum,True,103,120,18,632,34,45,29,838,2019-08-13
850,Men,White,Underwear,Spring,True,102,163,19,55,48,23,31,621,2019-10-07
851,Women,Black,Skirt,Winter,False,102,186,14,790,46,90,35,831,2020-04-03
852,Kids,Grey,Dress,Summer,True,103,166,18,161,37,84,42,393,2020-12-30
853,Men,Pink,Shoes,Autum,False,104,174,18,733,111,77,37,762,2020-06-06
854,Women,Velvet,Sweater,Spring,False,101,101,18,476,35,58,40,991,2020-09-29
855,Kids,Khaki,Jacket,Winter,False,101,195,16,899,86,36,32,323,2019-11-29
856,Men,Red,Trouser,Summer,True,103,181,20,726,136,25,27,177,2019-05-24
857,Women,Blue,Underwear,Autum,False,104,198,12,710,139,46,38,219,2020-07-02
858,Kids,Green,Skirt,Spring,True,103,104,15,357,121,95,25,327,2019-03-04
859,Men,White,Dress,Winter,False,102,112,19,474,38,71,35,122,2020-03-24
860,Women,Black,Shoes,Summer,True,103,195,12,257,81,56,30,838,2019-08-21
861,Kids,Grey,Sweater,Autum,True,104,129,18,329,124,35,31,386,2019-10-23
862,Men,Pink,Jacket,Spring,False,104,100,12,563,121,54,27,139,2019-05-20
863,Women,Velvet,Trouser,Winter,False,101,145,17,910,25,98,29,482,2019-08-12
864,Kids,Khaki,Underwear,Summer,False,100,125,15,856,14,75,35,389,2020-03-09
865,Men,Red,Skirt,Autum,False,102,191,14,798,48,95,34,851,2020-01-31
866,Women,Blue,Dress,Spring,True,105,176,16,691,81,50,40,442,2020-09-23
867,Kids,Green,Shoes,Winter,True,102,145,14,475,71,50,34,520,2020-01-26
868,Men,White,Sweater,Summer,False,105,131,17,904,46,20,29,735,2019-07-31
869,Women,Black,Jacket,Autum,True,104,194,12,448,105,49,42,950,2020-12-12
870,Kids,Grey,Trouser,Spring,True,105,166,13,621,44,10,27,969,2019-05-29
871,Men,Pink,Underwear,Winter,True,102,150,16,816,140,76,28,139,2019-06-07
872,Women,Velvet,Skirt,Summer,True,100,185,16,444,27,38,27,919,2019-05-10
873,Kids,Khaki,Dress,Autum,False,100,140,17,918,25,91,32,472,2019-11-24
874,Men,Red,Shoes,Spring,False,105,189,19,6,148,87,29,970,2019-07-25
875,Women,Blue,Sweater,Winter,True,101,157,19,70,48,16,34,613,2020-02-19
876,Kids,Green,Jacket,Summer,False,101,197,17,798,74,42,25,268,2019-02-21
877,Men,White,Trouser,Autum,False,102,127,11,981,130,13,36,770,2020-04-07
878,Women,Black,Underwear,Spring,False,101,172,12,452,150,83,39,586,2020-09-01
879,Kids,Grey,Skirt,Winter,False,103,144,13,175,8,27,40,936,2020-10-13
880,Men,Pink,Dress,Summer,True,100,164,12,6,92,87,34,294,2020-01-25
881,Women,Velvet,Shoes,Autum,True,105,139,20,153,104,53,35,309,2020-03-09
882,Kids,Khaki,Sweater,Spring,True,105,176,15,111,133,38,28,694,2019-07-09
883,Men,Red,Jacket,Winter,True,102,135,13,341,52,42,29,411,2019-08-12
884,Women,Blue,Trouser,Summer,False,102,178,11,413,122,61,40,282,2020-10-10
885,Kids,Green,Underwear,Autum,False,100,130,15,1,33,76,42,490,2020-12-09
886,Men,White,Skirt,Spring,True,105,129,17,845,38,19,26,694,2019-04-10
887,Women,Black,Dress,Winter,False,100,159,10,733,32,59,25,716,2019-02-18
888,Kids,Grey,Shoes,Summer,True,105,173,15,296,6,28,42,795,2020-12-04
889,Men,Pink,Sweater,Autum,True,101,133,14,702,121,59,28,921,2019-06-16
890,Women,Velvet,Jacket,Spring,False,103,149,14,37,142,37,30,868,2019-08-23
891,Kids,Khaki,Trouser,Winter,True,103,105,15,599,2,89,40,475,2020-09-28
892,Men,Red,Underwear,Summer,True,104,117,16,646,10,11,38,538,2020-07-04
893,Women,Blue,Skirt,Autum,True,100,171,13,76,103,93,35,357,2020-03-18
894,Kids,Green,Dress,Spring,True,100,114,12,731,120,35,38,881,2020-07-16
895,Men,White,Shoes,Winter,False,100,169,12,429,146,79,39,562,2020-08-31
896,Women,Black,Sweater,Summer,False,101,200,18,576,47,52,28,143,2019-07-12
897,Kids,Grey,Jacket,Autum,True,105,199,20,71,9,96,29,136,2019-07-22
898,Men,Pink,Trouser,Spring,True,100,190,17,366,19,47,38,890,2020-07-29
899,Women,Velvet,Underwear,Winter,False,105,175,16,456,51,56,26,296,2019-03-27
900,Kids,Khaki,Skirt,Summer,False,100,147,18,469,121,22,39,222,2020-08-05
901,Men,Red,Dress,Autum,True,104,132,20,622,36,61,42,871,2020-12-15
902,Women,Blue,Shoes,Spring,False,100,130,16,660,141,87,39,288,2020-08-20
903,Kids,Green,Sweater,Winter,True,102,194,14,201,99,87,39,201,2020-08-20
904,Men,White,Jacket,Summer,False,103,154,15,12,140,45,25,870,2019-03-18
905,Women,Black,Trouser,Autum,False,105,112,13,240,59,48,27,582,2019-05-03
906,Kids,Grey,Underwear,Spring,True,101,101,18,346,19,62,32,913,2019-11-26
907,Men,Pink,Skirt,Winter,False,102,125,10,243,12,94,34,922,2020-02-07
908,Women,Velvet,Dress,Summer,False,104,186,19,728,113,91,32,793,2019-11-13
909,Kids,Khaki,Shoes,Autum,True,105,145,20,406,137,52,29,478,2019-08-12
910,Men,Red,Sweater,Spring,True,100,199,20,102,13,95,31,154,2019-10-08
911,Women,Blue,Jacket,Winter,False,101,154,19,745,7,22,34,407,2020-02-16
912,Kids,Green,Trouser,Summer,False,103,126,20,258,139,64,41,633,2020-10-31
913,Men,White,Underwear,Autum,True,100,161,11,183,113,77,27,391,2019-05-23
914,Women,Black,Skirt,Spring,True,101,149,17,468,96,85,25,828,2019-02-28
915,Kids,Grey,Dress,Winter,True,104,155,13,104,127,13,37,628,2020-06-14
916,Men,Pink,Shoes,Summer,True,104,154,12,219,141,98,26,692,2019-04-16
917,Women,Velvet,Sweater,Autum,True,102,165,19,222,70,21,40,729,2020-10-08
918,Kids,Khaki,Jacket,Spring,False,104,167,15,497,54,46,31,299,2019-11-03
919,Men,Red,Trouser,Winter,False,105,196,20,856,131,99,35,900,2020-04-01
920,Women,Blue,Underwear,Summer,True,103,162,18,954,10,86,31,257,2019-10-23
921,Kids,Green,Skirt,Autum,True,104,117,15,959,50,92,39,726,2020-08-05
922,Men,White,Dress,Spring,True,102,173,20,180,66,31,34,726,2020-02-23
923,Women,Black,Shoes,Winter,True,104,198,12,203,75,61,25,815,2019-02-14
924,Kids,Grey,Sweater,Summer,False,100,145,18,412,113,21,36,182,2020-04-22
925,Men,Pink,Jacket,Autum,True,102,160,19,22,43,21,30,594,2019-08-31
926,Women,Velvet,Trouser,Spring,False,103,133,10,170,130,75,32,601,2019-12-04
927,Kids,Khaki,Underwear,Winter,False,100,113,12,368,75,45,34,662,2020-02-23
928,Men,Red,Skirt,Summer,False,100,126,14,188,55,66,36,591,2020-05-11
929,Women,Blue,Dress,Autum,True,104,120,17,578,3,17,32,507,2019-11-24
930,Kids,Green,Shoes,Spring,False,100,158,10,495,2,64,29,569,2019-08-11
931,Men,White,Sweater,Winter,False,101,199,17,728,66,46,39,231,2020-08-03
932,Women,Black,Jacket,Summer,True,101,137,15,615,112,66,40,881,2020-09-10
933,Kids,Grey,Trouser,Autum,False,101,198,16,997,99,37,37,390,2020-06-07
934,Men,Pink,Underwear,Spring,False,102,197,15,706,38,14,25,814,2019-03-11
935,Women,Velvet,Skirt,Winter,True,101,131,13,385,56,36,34,423,2020-02-11
936,Kids,Khaki,Dress,Summer,False,104,108,13,493,114,66,38,121,2020-07-20
937,Men,Red,Shoes,Autum,True,103,183,11,910,35,52,32,593,2019-11-19
938,Women,Blue,Sweater,Spring,False,104,182,19,330,62,98,27,541,2019-05-28
939,Kids,Green,Jacket,Winter,True,102,166,19,174,64,23,37,700,2020-06-09
940,Men,White,Trouser,Summer,True,105,128,17,655,14,24,33,578,2020-01-15
941,Women,Black,Underwear,Autum,False,102,103,16,602,27,26,35,772,2020-03-04
942,Kids,Grey,Skirt,Spring,False,101,174,12,6,70,68,36,924,2020-04-08
943,Men,Pink,Dress,Winter,False,100,127,15,890,19,77,36,416,2020-04-25
944,Women,Velvet,Shoes,Summer,True,101,135,15,601,109,64,40,866,2020-09-09
945,Kids,Khaki,Sweater,Autum,False,102,195,16,292,136,25,38,560,2020-07-08
946,Men,Red,Jacket,Spring,True,100,179,15,341,13,35,42,842,2020-11-29
947,Women,Blue,Trouser,Winter,False,104,157,14,464,48,34,34,247,2020-02-13
948,Kids,Green,Underwear,Summer,True,104,121,17,608,7,17,33,529,2020-01-20
949,Men,White,Skirt,Autum,False,101,159,20,627,144,32,24,353,2019-02-01
950,Women,Black,Dress,Spring,False,101,114,20,210,5,82,37,871,2020-05-17
951,Kids,Grey,Shoes,Winter,True,105,134,19,354,128,40,31,415,2019-10-04
952,Men,Pink,Sweater,Summer,True,101,131,14,574,105,60,40,837,2020-09-19
953,Women,Velvet,Jacket,Autum,True,101,195,17,511,38,48,27,991,2019-04-30
954,Kids,Khaki,Trouser,Spring,False,102,112,19,503,41,70,37,139,2020-06-05
955,Men,Red,Underwear,Winter,True,102,130,12,511,72,31,42,496,2020-12-31
956,Women,Blue,Skirt,Summer,False,101,160,20,442,121,39,31,245,2019-10-24
957,Kids,Green,Dress,Autum,True,102,133,13,458,66,36,38,474,2020-07-06
958,Men,White,Shoes,Spring,True,102,148,16,789,136,75,27,118,2019-05-01
959,Women,Black,Sweater,Winter,False,101,194,16,990,98,33,38,376,2020-07-18
960,Kids,Grey,Jacket,Summer,False,102,180,12,70,79,74,37,981,2020-05-30
961,Men,Pink,Trouser,Autum,False,101,188,15,979,95,26,40,350,2020-10-04
962,Women,Velvet,Underwear,Spring,False,102,200,17,56,107,37,40,431,2020-09-29
963,Kids,Khaki,Skirt,Winter,True,100,165,12,151,111,84,42,385,2020-12-20
964,Men,Red,Dress,Summer,False,105,188,19,912,136,88,24,909,2019-01-01
965,Women,Blue,Shoes,Autum,True,104,200,12,375,97,58,35,924,2020-03-07
966,Kids,Green,Sweater,Spring,False,105,116,13,130,46,56,37,527,2020-06-08
967,Men,White,Jacket,Winter,True,101,129,13,262,40,37,27,343,2019-05-26
968,Women,Black,Trouser,Summer,False,103,164,17,477,76,72,25,577,2019-03-14
969,Kids,Grey,Underwear,Autum,False,105,118,13,84,40,59,33,504,2020-01-19
970,Men,Pink,Skirt,Spring,False,105,146,20,611,13,47,42,606,2020-11-25
971,Women,Velvet,Dress,Winter,False,101,171,11,310,107,56,37,199,2020-05-28
972,Kids,Khaki,Shoes,Summer,False,104,184,20,893,8,24,36,287,2020-05-14
973,Men,Red,Sweater,Autum,False,102,101,16,323,141,32,37,599,2020-05-26
974,Women,Blue,Jacket,Spring,False,100,167,12,201,117,85,26,421,2019-03-19
975,Kids,Green,Trouser,Winter,False,100,158,11,352,134,69,39,485,2020-08-21
976,Men,White,Underwear,Summer,False,103,143,13,954,131,33,27,803,2019-04-30
977,Women,Black,Skirt,Autum,True,102,145,15,290,48,55,41,409,2020-10-30
978,Kids,Grey,Dress,Spring,True,102,163,18,603,116,97,28,949,2019-06-08
979,Men,Pink,Shoes,Winter,True,104,150,12,121,128,97,40,623,2020-10-15
980,Women,Velvet,Sweater,Summer,False,101,181,13,681,31,87,31,752,2019-10-03
981,Kids,Khaki,Jacket,Autum,True,105,177,16,707,83,51,41,453,2020-10-22
982,Men,Red,Trouser,Spring,False,101,193,16,761,69,38,24,233,2019-02-03
983,Women,Blue,Underwear,Winter,False,104,167,15,561,62,44,36,337,2020-04-09
984,Kids,Green,Skirt,Summer,False,102,105,17,368,148,35,38,637,2020-07-10
985,Men,White,Dress,Autum,True,101,123,12,141,24,33,41,254,2020-11-07
986,Women,Black,Shoes,Spring,False,100,168,12,154,112,87,41,394,2020-11-14
987,Kids,Grey,Sweater,Winter,False,100,143,18,105,74,28,36,891,2020-05-13
988,Men,Pink,Jacket,Summer,True,105,185,18,494,58,67,24,350,2019-01-03
989,Women,Velvet,Trouser,Autum,False,100,167,12,196,117,84,25,417,2019-03-11
990,Kids,Khaki,Underwear,Spring,True,100,171,13,943,86,97,26,278,2019-04-20
991,Men,Red,Skirt,Winter,True,102,176,10,36,49,40,24,648,2019-01-14
992,Women,Blue,Dress,Summer,False,100,134,15,121,49,77,29,574,2019-07-22
993,Kids,Green,Shoes,Autum,True,102,188,13,340,115,75,32,265,2019-11-11
994,Men,White,Sweater,Spring,True,100,186,17,105,135,50,24,720,2019-01-11
995,Women,Black,Jacket,Winter,False,103,140,12,677,70,99,36,327,2020-04-13
996,Kids,Grey,Trouser,Summer,True,100,104,20,547,70,89,37,441,2020-06-06
997,Men,Pink,Underwear,Autum,True,101,108,20,855,110,85,36,639,2020-04-19
998,Women,Velvet,Skirt,Spring,False,100,140,17,979,33,89,36,508,2020-04-24
999,Kids,Khaki,Dress,Winter,False,103,136,12,226,13,16,28,943,2019-07-05
1000,Men,Red,Shoes,Summer,False,102,179,12,163,90,70,24,132,2019-01-31
